nombres_productos,categorias,precios,imagenes,url
Salmón Noruego Entero X Kilogramo ,PESCA DEL DIA,$ 68.000                          ,https://hipermarfish.com/public/images/productos/QMRF032620220215_400.jpg,https://hipermarfish.com/market/productos/pesca-del-dia
Bagre Rayado Entero X Kilogramo ,PESCA DEL DIA,$ 26.000                          ,https://hipermarfish.com/public/images/productos/ZWGY042320210314_400.jpg,https://hipermarfish.com/market/productos/pesca-del-dia
Trucha Entera Fresca X Kilogramo ,PESCA DEL DIA,$ 25.000                          ,https://hipermarfish.com/public/images/productos/ZFGX011420210106_400.jpg,https://hipermarfish.com/market/productos/pesca-del-dia
Cherna Entera X Kilogramo ,PESCA DEL DIA,$ 35.000                          ,https://hipermarfish.com/public/images/productos/OMXG071620200507_400.jpg,https://hipermarfish.com/market/productos/pesca-del-dia
Róbalo Entero Fresco X Kilogramo ,PESCA DEL DIA,$ 49.000                          ,https://hipermarfish.com/public/images/productos/B5A3533_400.jpg,https://hipermarfish.com/market/productos/pesca-del-dia
Atún / Tuna Steak Fresco X Kilogramo ,PESCA DEL DIA,$ 65.000                          ,https://hipermarfish.com/public/images/productos/B5A3519_400.jpg,https://hipermarfish.com/market/productos/pesca-del-dia
Corvina Fresca Entera X Kilogramo ,PESCA DEL DIA,$ 31.000                          ,https://hipermarfish.com/public/images/productos/TDJR071620200454_400.jpg,https://hipermarfish.com/market/productos/pesca-del-dia
Mero Fresco Entero X Kilogramo ,PESCA DEL DIA,$ 35.000                          ,https://hipermarfish.com/public/images/productos/EFYN071620200455_400.jpg,https://hipermarfish.com/market/productos/pesca-del-dia
Filete de Corvina Fresca X Kilogramo ,PESCA DEL DIA,$ 80.000                          ,https://hipermarfish.com/public/images/productos/APCS041420200436_400.jpg,https://hipermarfish.com/market/productos/pesca-del-dia
Filete de Tilapia Fresca Nacional X Kilogramo ,PESCA DEL DIA,$ 28.400                          ,https://hipermarfish.com/public/images/productos/VSPD042420200359_400.jpg,https://hipermarfish.com/market/productos/pesca-del-dia
Filete de Róbalo Fresco X Kilogramo ,PESCA DEL DIA,$ 65.000                          ,https://hipermarfish.com/public/images/productos/WRAK111520220334_400.jpg,https://hipermarfish.com/market/productos/pesca-del-dia
Lomo de Salmón Noruego X Kilogramo ,FILETES Y LOMOS,$ 100.000                          ,https://hipermarfish.com/public/images/productos/B5A3098_400.jpg,https://hipermarfish.com/market/productos/filetes-y-lomos
Filete de Salmón Noruego Fresco X Kilogramo ,FILETES Y LOMOS,$ 90.000                          ,https://hipermarfish.com/public/images/productos/DFHW020120200827_400.jpg,https://hipermarfish.com/market/productos/filetes-y-lomos
Filete de Salmón Steak Noruego Fresco X Kilogramo ,FILETES Y LOMOS,$ 95.000                          ,https://hipermarfish.com/public/images/productos/FHAZ071820230440_400.jpg,https://hipermarfish.com/market/productos/filetes-y-lomos
Carpaccio de Salmón 144 g X Unidad x 144 g ,FILETES Y LOMOS,$ 19.000                          ,https://hipermarfish.com/public/images/productos/JWEK081020230308_400.jpg,https://hipermarfish.com/market/productos/filetes-y-lomos
Filete de Sea Bass X Kilogramo ,FILETES Y LOMOS,$ 300.000                          ,https://hipermarfish.com/public/images/productos/BEOC052520230952_400.jpg,https://hipermarfish.com/market/productos/filetes-y-lomos
Salmon Porción X Kilogramo ,FILETES Y LOMOS,$ 70.000                          ,https://hipermarfish.com/public/images/productos/SFJZ102620230442_400.jpg,https://hipermarfish.com/market/productos/filetes-y-lomos
Filete de Salmón Chileno Congelado X Kilogramo ,FILETES Y LOMOS,$ 75.000                          ,https://hipermarfish.com/public/images/productos/ZBFN081020230358_400.jpg,https://hipermarfish.com/market/productos/filetes-y-lomos
Filete de Basa X Paquete x 1 kg ,FILETES Y LOMOS,$ 19.700                          ,https://hipermarfish.com/public/images/productos/YAJE102620230441_400.jpg,https://hipermarfish.com/market/productos/filetes-y-lomos
Filete de Hamachi X Kilogramo ,FILETES Y LOMOS,$ 168.000                          ,https://hipermarfish.com/public/images/productos/NIAA081020230555_400.jpg,https://hipermarfish.com/market/productos/filetes-y-lomos
Filete de Pargo X Kilogramo ,FILETES Y LOMOS,$ 60.000                          ,https://hipermarfish.com/public/images/productos/XJPU081020230334_400.jpg,https://hipermarfish.com/market/productos/filetes-y-lomos
Lomo de Hamachi / Yellowtail X Kilogramo ,FILETES Y LOMOS,$ 230.000                          ,https://hipermarfish.com/public/images/productos/RCFI080320230243_400.jpg,https://hipermarfish.com/market/productos/filetes-y-lomos
Anguila / Unagui Kabayaki X Kilogramo ,FILETES Y LOMOS,$ 104.000                          ,https://hipermarfish.com/public/images/productos/MECO020520210812_400.jpg,https://hipermarfish.com/market/productos/filetes-y-lomos
Salmón Ahumado/Acme 113 g X Unidad x 113 g ,FILETES Y LOMOS,$ 26.600                          ,https://hipermarfish.com/public/images/productos/WJUY071120201130_400.jpg,https://hipermarfish.com/market/productos/filetes-y-lomos
Salmón Ahumado/Acme 227 g X Unidad x 227 g ,FILETES Y LOMOS,$ 49.800                          ,https://hipermarfish.com/public/images/productos/WBLM071120201134_400.jpg,https://hipermarfish.com/market/productos/filetes-y-lomos
Salmón Ahumado/Acme 454 g X Unidad x 454 g ,FILETES Y LOMOS,$ 91.900                          ,https://hipermarfish.com/public/images/productos/B5A3093_400.jpg,https://hipermarfish.com/market/productos/filetes-y-lomos
Salmón Ahumado Pastrami/Acme 113 g X Unidad x 113 g ,FILETES Y LOMOS,$ 30.500                          ,https://hipermarfish.com/public/images/productos/KBIU071420200826_400.jpg,https://hipermarfish.com/market/productos/filetes-y-lomos
Filete de Bagre X Kilogramo ,FILETES Y LOMOS,$ 17.900                          ,https://hipermarfish.com/public/images/productos/HPGB050620200843_400.jpg,https://hipermarfish.com/market/productos/filetes-y-lomos
Filete de Tilapia 3/5 en Paquete X Paquete x 1 kg ,FILETES Y LOMOS,$ 26.900                          ,https://hipermarfish.com/public/images/productos/LOYT081020230310_400.jpg,https://hipermarfish.com/market/productos/filetes-y-lomos
Filete de Tilapia 5/7 a Granel X Kilogramo ,FILETES Y LOMOS,$ 26.900                          ,https://hipermarfish.com/public/images/productos/QHLL022820221039_400.jpg,https://hipermarfish.com/market/productos/filetes-y-lomos
Filete de Tilapia 7/9 a Granel X Kilogramo ,FILETES Y LOMOS,$ 26.900                          ,https://hipermarfish.com/public/images/productos/B5A3499_400.jpg,https://hipermarfish.com/market/productos/filetes-y-lomos
Filete de Tilapia 9/11 a Granel X Kilogramo ,FILETES Y LOMOS,$ 28.000                          ,https://hipermarfish.com/public/images/productos/KANW091020200354_400.jpg,https://hipermarfish.com/market/productos/filetes-y-lomos
Filete Blanco X Kilogramo ,FILETES Y LOMOS,$ 22.000                          ,https://hipermarfish.com/public/images/productos/FFVG020820200945_400.jpg,https://hipermarfish.com/market/productos/filetes-y-lomos
Filete de Orange X Kilogramo x 1 kg ,FILETES Y LOMOS,$ 115.000                          ,https://hipermarfish.com/public/images/productos/SYCS042820230301_400.jpg,https://hipermarfish.com/market/productos/filetes-y-lomos
Filete de Lenguado X Kilogramo ,FILETES Y LOMOS,$ 83.000                          ,https://hipermarfish.com/public/images/productos/KXCW081020230337_400.jpg,https://hipermarfish.com/market/productos/filetes-y-lomos
Filete de Róbalo Nacional X Kilogramo ,FILETES Y LOMOS,$ 58.500                          ,https://hipermarfish.com/public/images/productos/B5A3524_400.jpg,https://hipermarfish.com/market/productos/filetes-y-lomos
Lomito de Róbalo 600 g X Paquete x 600 g ,FILETES Y LOMOS,$ 9.200                          ,https://hipermarfish.com/public/images/productos/B5A3477_400.jpg,https://hipermarfish.com/market/productos/filetes-y-lomos
Atún / Tuna Lomo X Kilogramo ,FILETES Y LOMOS,$ 58.000                          ,https://hipermarfish.com/public/images/productos/HCDF020820200950_400.jpg,https://hipermarfish.com/market/productos/filetes-y-lomos
Atún / Tuna Steak Grande X Kilogramo ,FILETES Y LOMOS,$ 63.000                          ,https://hipermarfish.com/public/images/productos/B5A3512_400.jpg,https://hipermarfish.com/market/productos/filetes-y-lomos
Atún en Trozos X Unidad x 500 g ,FILETES Y LOMOS,$ 30.000                          ,https://hipermarfish.com/public/images/productos/BYBD052520230914_400.jpg,https://hipermarfish.com/market/productos/filetes-y-lomos
Trucha Deshuesada X Kilogramo ,FILETES Y LOMOS,$ 25.000                          ,https://hipermarfish.com/public/images/productos/LBFK122820190328_400.jpg,https://hipermarfish.com/market/productos/filetes-y-lomos
Filete en Trozos x 500 g X Unidad ,FILETES Y LOMOS,$ 9.000                          ,https://hipermarfish.com/public/images/productos/B5A3515_400.jpg,https://hipermarfish.com/market/productos/filetes-y-lomos
Maletín Térmico Hipermar X Unidad ,ACCESORIOS Y UTENSILIOS,$ 140.000                          ,https://hipermarfish.com/public/images/productos/SGBQ033120220743_400.jpg,https://hipermarfish.com/market/productos/accesorios-y-utensilios
Bolsa Térmica X Unidad ,ACCESORIOS Y UTENSILIOS,$ 80.000                          ,https://hipermarfish.com/public/images/productos/ZHAM011820220931_400.jpg,https://hipermarfish.com/market/productos/accesorios-y-utensilios
Esterilla Profesional X Unidad ,ACCESORIOS Y UTENSILIOS,$ 250.000                          ,https://hipermarfish.com/public/images/productos/MQZH030220230430_400.jpg,https://hipermarfish.com/market/productos/accesorios-y-utensilios
Esterilla X Unidad ,ACCESORIOS Y UTENSILIOS,$ 4.100                          ,https://hipermarfish.com/public/images/productos/DNNZ032520230317_400.jpg,https://hipermarfish.com/market/productos/accesorios-y-utensilios
Piedra de Afilar Japonesa X Unidad ,ACCESORIOS Y UTENSILIOS,$ 200.000                          ,https://hipermarfish.com/public/images/productos/WYAS020220220149_400.jpg,https://hipermarfish.com/market/productos/accesorios-y-utensilios
Barco para Sushi 70x25 X Unidad ,ACCESORIOS Y UTENSILIOS,$ 241.500                          ,https://hipermarfish.com/public/images/productos/RHFB052820201107_400.jpg,https://hipermarfish.com/market/productos/accesorios-y-utensilios
Barco para Sushi 90x32 X Unidad ,ACCESORIOS Y UTENSILIOS,$ 240.900                          ,https://hipermarfish.com/public/images/productos/B5A3019_400.jpg,https://hipermarfish.com/market/productos/accesorios-y-utensilios
Puente para Sushi 60x25x13 X Unidad ,ACCESORIOS Y UTENSILIOS,$ 159.500                          ,https://hipermarfish.com/public/images/productos/B5A3013_400.jpg,https://hipermarfish.com/market/productos/accesorios-y-utensilios
Vaporera 12x12 X Unidad ,ACCESORIOS Y UTENSILIOS,$ 63.900                          ,https://hipermarfish.com/public/images/productos/GKSS121920191003_400.jpg,https://hipermarfish.com/market/productos/accesorios-y-utensilios
Vaporera 10x10 X Unidad ,ACCESORIOS Y UTENSILIOS,$ 55.500                          ,https://hipermarfish.com/public/images/productos/XKKW121920191002_400.jpg,https://hipermarfish.com/market/productos/accesorios-y-utensilios
Vaporera 8x8 X Unidad ,ACCESORIOS Y UTENSILIOS,$ 49.500                          ,https://hipermarfish.com/public/images/productos/ZYTC121920191000_400.jpg,https://hipermarfish.com/market/productos/accesorios-y-utensilios
Vaporera 6x6 X Unidad ,ACCESORIOS Y UTENSILIOS,$ 45.700                          ,https://hipermarfish.com/public/images/productos/PXDI121920190946_400.jpg,https://hipermarfish.com/market/productos/accesorios-y-utensilios
Pinzas para Muelas X Unidad ,ACCESORIOS Y UTENSILIOS,$ 13.500                          ,https://hipermarfish.com/public/images/productos/B5A3204_400.jpg,https://hipermarfish.com/market/productos/accesorios-y-utensilios
Escamador X Unidad ,ACCESORIOS Y UTENSILIOS,$ 19.100                          ,https://hipermarfish.com/public/images/productos/AZMT020820201008_400.jpg,https://hipermarfish.com/market/productos/accesorios-y-utensilios
Palitos Prémium x 100 Unidades X Unidad ,ACCESORIOS Y UTENSILIOS,$ 12.000                          ,https://hipermarfish.com/public/images/productos/RNAA112520200931_400.jpg,https://hipermarfish.com/market/productos/accesorios-y-utensilios
Paellera de 30 Platos X Unidad ,ACCESORIOS Y UTENSILIOS,$ 136.000                          ,https://hipermarfish.com/public/images/productos/B5A3186_400.jpg,https://hipermarfish.com/market/productos/accesorios-y-utensilios
Paellera de 25 Platos X Unidad ,ACCESORIOS Y UTENSILIOS,$ 94.000                          ,https://hipermarfish.com/public/images/productos/B5A3186_400.jpg,https://hipermarfish.com/market/productos/accesorios-y-utensilios
Paellera de 15 Platos X Unidad ,ACCESORIOS Y UTENSILIOS,$ 60.000                          ,https://hipermarfish.com/public/images/productos/LCIT082520200715_400.jpg,https://hipermarfish.com/market/productos/accesorios-y-utensilios
Paellera de 10 Platos X Unidad ,ACCESORIOS Y UTENSILIOS,$ 50.000                          ,https://hipermarfish.com/public/images/productos/HZNR082520200717_400.jpg,https://hipermarfish.com/market/productos/accesorios-y-utensilios
Paellera de 5 Platos X Unidad ,ACCESORIOS Y UTENSILIOS,$ 40.000                          ,https://hipermarfish.com/public/images/productos/OCFV082520200719_400.jpg,https://hipermarfish.com/market/productos/accesorios-y-utensilios
Paellera Personal X Unidad ,ACCESORIOS Y UTENSILIOS,$ 19.600                          ,https://hipermarfish.com/public/images/productos/B5A3186_400.jpg,https://hipermarfish.com/market/productos/accesorios-y-utensilios
"Cuchillo para Sushi 12"" X Unidad ",ACCESORIOS Y UTENSILIOS,$ 139.100                          ,https://hipermarfish.com/public/images/productos/B5A3184_400.jpg,https://hipermarfish.com/market/productos/accesorios-y-utensilios
"Cuchillo para Sushi 8"" X Unidad ",ACCESORIOS Y UTENSILIOS,$ 120.200                          ,https://hipermarfish.com/public/images/productos/B5A3184_400.jpg,https://hipermarfish.com/market/productos/accesorios-y-utensilios
Arroz para Sushi x 18.14 Kg (grano medio) X Unidad x 18.14 kg ,ARROCES Y HARINAS,$ 283.000                          ,https://hipermarfish.com/public/images/productos/B5A3539_400.jpg,https://hipermarfish.com/market/productos/arroces-y-harinas
Arroz para Sushi California 2.26 Kg X Unidad x 2.26 kg ,ARROCES Y HARINAS,$ 30.400                          ,https://hipermarfish.com/public/images/productos/YUFM091220230250_400.jpg,https://hipermarfish.com/market/productos/arroces-y-harinas
Arroz para Sushi California 907 g X Unidad x 907 g ,ARROCES Y HARINAS,$ 13.600                          ,https://hipermarfish.com/public/images/productos/ZMBN101520201223_400.jpg,https://hipermarfish.com/market/productos/arroces-y-harinas
Arroz Jasmine x 22.27 Kg X Unidad x 22.27 kg ,ARROCES Y HARINAS,$ 350.000                          ,https://hipermarfish.com/public/images/productos/B5A3540_400.jpg,https://hipermarfish.com/market/productos/arroces-y-harinas
Arroz Jasmine 2.26 Kg X Unidad x 2.26 kg ,ARROCES Y HARINAS,$ 37.400                          ,https://hipermarfish.com/public/images/productos/GDWE091220230249_400.jpg,https://hipermarfish.com/market/productos/arroces-y-harinas
Arroz Jasmine 908 g X Unidad x 908 g ,ARROCES Y HARINAS,$ 14.200                          ,https://hipermarfish.com/public/images/productos/UOAC091220230249_400.jpg,https://hipermarfish.com/market/productos/arroces-y-harinas
Arroz Integral Sunlee Jasmine x 2.27 Kg X Unidad x 2.27 kg ,ARROCES Y HARINAS,$ 39.300                          ,https://hipermarfish.com/public/images/productos/KUBQ121720190652_400.jpg,https://hipermarfish.com/market/productos/arroces-y-harinas
Arroz Dulce x 2.27 Kg X Unidad x 2.27 kg ,ARROCES Y HARINAS,$ 34.000                          ,https://hipermarfish.com/public/images/productos/B5A2914_400.jpg,https://hipermarfish.com/market/productos/arroces-y-harinas
Arroz Dulce en Bulto x 11.35 Kg X Unidad x 11.35 kg ,ARROCES Y HARINAS,$ 158.000                          ,https://hipermarfish.com/public/images/productos/NQBW062220210914_400.jpg,https://hipermarfish.com/market/productos/arroces-y-harinas
Arroz Pepa 1 Kg X Unidad x 1 kg ,ARROCES Y HARINAS,$ 6.300                          ,https://hipermarfish.com/public/images/productos/DEJW021020220508_400.jpg,https://hipermarfish.com/market/productos/arroces-y-harinas
Harina de Arroz Glutinoso 454 g X Unidad x 454 g ,ARROCES Y HARINAS,$ 7.500                          ,https://hipermarfish.com/public/images/productos/KSMW050620200819_400.jpg,https://hipermarfish.com/market/productos/arroces-y-harinas
Harina de Arroz 454 g X Unidad x 454 g ,ARROCES Y HARINAS,$ 7.500                          ,https://hipermarfish.com/public/images/productos/YTRY050620200820_400.jpg,https://hipermarfish.com/market/productos/arroces-y-harinas
Masago Arare 300 g X Unidad x 300 g ,ARROCES Y HARINAS,$ 59.000                          ,https://hipermarfish.com/public/images/productos/RIBC021020220400_400.jpg,https://hipermarfish.com/market/productos/arroces-y-harinas
Panko Blanco en Bulto 9.08 Kg X Paquete x 9.08 kg ,ARROCES Y HARINAS,$ 152.000                          ,https://hipermarfish.com/public/images/productos/YQRX121020210244_400.jpg,https://hipermarfish.com/market/productos/arroces-y-harinas
Panko 1 Kg X Paquete x 1 kg ,ARROCES Y HARINAS,$ 18.000                          ,https://hipermarfish.com/public/images/productos/QUOP052520230853_400.jpg,https://hipermarfish.com/market/productos/arroces-y-harinas
Panko 500 g X Unidad x 500 g ,ARROCES Y HARINAS,$ 9.900                          ,https://hipermarfish.com/public/images/productos/KBYM052520230853_400.jpg,https://hipermarfish.com/market/productos/arroces-y-harinas
Tempura en Bulto X Unidad ,ARROCES Y HARINAS,$ 211.000                          ,https://hipermarfish.com/public/images/productos/YFWH042720200222_400.jpg,https://hipermarfish.com/market/productos/arroces-y-harinas
Tempura Tassya 1 Kg X Unidad x 1 kg ,ARROCES Y HARINAS,$ 24.000                          ,https://hipermarfish.com/public/images/productos/XFZP031720220833_400.jpg,https://hipermarfish.com/market/productos/arroces-y-harinas
Rice Paper Spring 500 g X Paquete x 500 g ,ARROCES Y HARINAS,$ 13.300                          ,https://hipermarfish.com/public/images/productos/EOXW080320221042_400.jpg,https://hipermarfish.com/market/productos/arroces-y-harinas
Algas Golden x 100 Hojas X Unidad ,ALGAS Y DESHIDRATADOS,$ 53.000                          ,https://hipermarfish.com/public/images/productos/ANDO102620230358_400.jpg,https://hipermarfish.com/market/productos/algas-y-deshidratados
Algas Silver x 100 Hojas X Unidad ,ALGAS Y DESHIDRATADOS,$ 49.000                          ,https://hipermarfish.com/public/images/productos/FQPK102620230359_400.jpg,https://hipermarfish.com/market/productos/algas-y-deshidratados
Algas Blue x 100 Hojas X Unidad ,ALGAS Y DESHIDRATADOS,$ 45.000                          ,https://hipermarfish.com/public/images/productos/BFOI102620230359_400.jpg,https://hipermarfish.com/market/productos/algas-y-deshidratados
Algas Golden x 50 Hojas X Paquete x 50 u ,ALGAS Y DESHIDRATADOS,$ 36.800                          ,https://hipermarfish.com/public/images/productos/XQCM021020220322_400.jpg,https://hipermarfish.com/market/productos/algas-y-deshidratados
Algas x 10 Hojas X Paquete x 10 u ,ALGAS Y DESHIDRATADOS,$ 11.100                          ,https://hipermarfish.com/public/images/productos/NMJT020820200852_400.jpg,https://hipermarfish.com/market/productos/algas-y-deshidratados
Ajonjolí Negro Roland 454 g X Unidad x 454 g ,ALGAS Y DESHIDRATADOS,$ 49.800                          ,https://hipermarfish.com/public/images/productos/ZLEF021020220310_400.jpg,https://hipermarfish.com/market/productos/algas-y-deshidratados
Ajonjolí Negro Tassya 500 g X Unidad x 500 g ,ALGAS Y DESHIDRATADOS,$ 27.200                          ,https://hipermarfish.com/public/images/productos/ESYG030220230417_400.jpg,https://hipermarfish.com/market/productos/algas-y-deshidratados
Ajonjolí Negro 226 g X Unidad x 226 g ,ALGAS Y DESHIDRATADOS,$ 30.200                          ,https://hipermarfish.com/public/images/productos/IQPV021020220311_400.jpg,https://hipermarfish.com/market/productos/algas-y-deshidratados
Ajonjolí Negro 117 g X Unidad x 117 g ,ALGAS Y DESHIDRATADOS,$ 24.300                          ,https://hipermarfish.com/public/images/productos/JNOK021020220311_400.jpg,https://hipermarfish.com/market/productos/algas-y-deshidratados
Ajonjolí Blanco 500 g X Unidad x 500 g ,ALGAS Y DESHIDRATADOS,$ 14.000                          ,https://hipermarfish.com/public/images/productos/UPQH111920220314_400.jpg,https://hipermarfish.com/market/productos/algas-y-deshidratados
Shiitake Hongos 250 g X Paquete x 250 g ,ALGAS Y DESHIDRATADOS,$ 37.600                          ,https://hipermarfish.com/public/images/productos/B5A2966_400.jpg,https://hipermarfish.com/market/productos/algas-y-deshidratados
Wakame Tassya 250  g X Unidad x 250 g ,ALGAS Y DESHIDRATADOS,$ 24.500                          ,https://hipermarfish.com/public/images/productos/TUTW121920191006_400.jpg,https://hipermarfish.com/market/productos/algas-y-deshidratados
Agua de Coco con Pulpa 500 ml X Lata x 500 ml ,BEBIDAS Y LICORES,$ 7.500                          ,https://hipermarfish.com/public/images/productos/DZBK052520230818_400.jpg,https://hipermarfish.com/market/productos/bebidas-y-licores
Cerveza Tsingtao Botella 640 ml X Botella x 640 ml ,BEBIDAS Y LICORES,$ 15.700                          ,https://hipermarfish.com/public/images/productos/LPAK110920200506_400.jpg,https://hipermarfish.com/market/productos/bebidas-y-licores
Cerveza Tsingtao Botella 330 ml X Botella x 330 ml ,BEBIDAS Y LICORES,$ 8.300                          ,https://hipermarfish.com/public/images/productos/XMKB062520210739_400.jpg,https://hipermarfish.com/market/productos/bebidas-y-licores
Takara Sierra Gold 300 ml X Botella x 300 ml ,BEBIDAS Y LICORES,$ 33.900                          ,https://hipermarfish.com/public/images/productos/B5A2867_400.jpg,https://hipermarfish.com/market/productos/bebidas-y-licores
Vino Casillero del Diablo Cabernet Sauvignon 750 ml X Unidad x 750 ml ,BEBIDAS Y LICORES,$ 60.000                          ,https://hipermarfish.com/public/images/productos/CWRZ123020220929_400.jpg,https://hipermarfish.com/market/productos/bebidas-y-licores
Vino Casillero del Diablo Cabernet Sauvignon 375 ml X Unidad x 375 ml ,BEBIDAS Y LICORES,$ 37.000                          ,https://hipermarfish.com/public/images/productos/EGOJ123020220851_400.jpg,https://hipermarfish.com/market/productos/bebidas-y-licores
Vino Casillero del Diablo Sauvignon Blanc (Chile) 750 X Unidad x 750 ml ,BEBIDAS Y LICORES,$ 60.000                          ,https://hipermarfish.com/public/images/productos/QQMB122920221112_400.jpg,https://hipermarfish.com/market/productos/bebidas-y-licores
Vino Casillero del Diablo Sauvignon Blanc (Chile) 375 X Unidad x 375 ml ,BEBIDAS Y LICORES,$ 37.000                          ,https://hipermarfish.com/public/images/productos/KQDI071620220358_400.jpg,https://hipermarfish.com/market/productos/bebidas-y-licores
Vino Santa Rita Cabernet Sauvignon 750 ml X Unidad x 750 ml ,BEBIDAS Y LICORES,$ 60.000                          ,https://hipermarfish.com/public/images/productos/NHPT123020220932_400.jpg,https://hipermarfish.com/market/productos/bebidas-y-licores
Vino Santa Rita Cabernet Sauvignon 375 ml X Unidad x 375 ml ,BEBIDAS Y LICORES,$ 37.000                          ,https://hipermarfish.com/public/images/productos/JXOS123020220842_400.jpg,https://hipermarfish.com/market/productos/bebidas-y-licores
Vino Santa Rita 120 Sauvignon blanc (Chile) 750 ml X Unidad x 750 ml ,BEBIDAS Y LICORES,$ 60.000                          ,https://hipermarfish.com/public/images/productos/YTUN123020220926_400.jpg,https://hipermarfish.com/market/productos/bebidas-y-licores
Vino Santa Rita 120 Sauvignon blanc 375 ml X Unidad x 375 ml ,BEBIDAS Y LICORES,$ 37.000                          ,https://hipermarfish.com/public/images/productos/ONAC052020230248_400.jpg,https://hipermarfish.com/market/productos/bebidas-y-licores
Vino Undurraga Sauvignon 750 ml X Unidad x 750 ml ,BEBIDAS Y LICORES,$ 60.000                          ,https://hipermarfish.com/public/images/productos/FXWN123020220906_400.jpg,https://hipermarfish.com/market/productos/bebidas-y-licores
Vino Undurraga Cabernet Sauvignon 750 ml X Unidad x 750 ml ,BEBIDAS Y LICORES,$ 60.000                          ,https://hipermarfish.com/public/images/productos/GRCZ123020220918_400.jpg,https://hipermarfish.com/market/productos/bebidas-y-licores
Vino Undurraga Cabernet Sauvignon de 375 ml X Unidad x 375 ml ,BEBIDAS Y LICORES,$ 37.000                          ,https://hipermarfish.com/public/images/productos/IKXF123020220916_400.jpg,https://hipermarfish.com/market/productos/bebidas-y-licores
Vino Undurraga Chardonnay Blanco 750 ml X Unidad x 750 ml ,BEBIDAS Y LICORES,$ 54.000                          ,https://hipermarfish.com/public/images/productos/ITTS020120210457_400.jpg,https://hipermarfish.com/market/productos/bebidas-y-licores
Vino Undurraga Riesling Blanco750 ml X Botella x 750 ml ,BEBIDAS Y LICORES,$ 60.000                          ,https://hipermarfish.com/public/images/productos/WMMX123020220828_400.jpg,https://hipermarfish.com/market/productos/bebidas-y-licores
Licor Jinro Chamisul 360 ml X Botella x 360 ml ,BEBIDAS Y LICORES,$ 20.500                          ,https://hipermarfish.com/public/images/productos/DRSB062520220142_400.jpg,https://hipermarfish.com/market/productos/bebidas-y-licores
Sake Hana Lychee 375 ml X Botella x 375 ml ,BEBIDAS Y LICORES,$ 39.500                          ,https://hipermarfish.com/public/images/productos/VIJT090620231211_400.jpg,https://hipermarfish.com/market/productos/bebidas-y-licores
Sake Hana Lychee 750 ml X Unidad x 750 ml ,BEBIDAS Y LICORES,$ 69.400                          ,https://hipermarfish.com/public/images/productos/B5A2822_400.jpg,https://hipermarfish.com/market/productos/bebidas-y-licores
Sake Hana White Peach 375 ml X Unidad x 375 ml ,BEBIDAS Y LICORES,$ 39.500                          ,https://hipermarfish.com/public/images/productos/MYUH090620231212_400.jpg,https://hipermarfish.com/market/productos/bebidas-y-licores
Sake Hana Peach 750 ml X Unidad x 750 ml ,BEBIDAS Y LICORES,$ 69.400                          ,https://hipermarfish.com/public/images/productos/B5A2829_400.jpg,https://hipermarfish.com/market/productos/bebidas-y-licores
Sho Chiku Bai 1.5 L X Botella x 1.50 lt ,BEBIDAS Y LICORES,$ 93.000                          ,https://hipermarfish.com/public/images/productos/NVRP020120200836_400.jpg,https://hipermarfish.com/market/productos/bebidas-y-licores
Sho Chiku Bai 750 ml X Botella x 750 ml ,BEBIDAS Y LICORES,$ 51.000                          ,https://hipermarfish.com/public/images/productos/B5A2828_400.jpg,https://hipermarfish.com/market/productos/bebidas-y-licores
Espadines Ahumados en Aceite 270 g X Unidad x 270 g ,CONSERVAS Y ENLATADOS,$ 14.200                          ,https://hipermarfish.com/public/images/productos/ODTO050620200829_400.jpg,https://hipermarfish.com/market/productos/conservas-y-enlatados
Espadines Ahumados en Aceite 240 g X Unidad x 240 g ,CONSERVAS Y ENLATADOS,$ 11.500                          ,https://hipermarfish.com/public/images/productos/ZPUB082720221024_400.jpg,https://hipermarfish.com/market/productos/conservas-y-enlatados
Espadines Ahumados en Aceite 160 g X Unidad x 160 g ,CONSERVAS Y ENLATADOS,$ 8.600                          ,https://hipermarfish.com/public/images/productos/VLNX082720221028_400.jpg,https://hipermarfish.com/market/productos/conservas-y-enlatados
Espadines Ahumados en Aceite 120 g X Unidad x 120 g ,CONSERVAS Y ENLATADOS,$ 9.500                          ,https://hipermarfish.com/public/images/productos/AMGS082720221028_400.jpg,https://hipermarfish.com/market/productos/conservas-y-enlatados
Espadines Ahumados en Aceite 100 g X Unidad x 100 g ,CONSERVAS Y ENLATADOS,$ 8.100                          ,https://hipermarfish.com/public/images/productos/SNRE042520220422_400.jpg,https://hipermarfish.com/market/productos/conservas-y-enlatados
Espadines en Salsa de Tomate 240 g X Unidad x 240 g ,CONSERVAS Y ENLATADOS,$ 7.500                          ,https://hipermarfish.com/public/images/productos/RSBN042520220146_400.jpg,https://hipermarfish.com/market/productos/conservas-y-enlatados
Espadines Ahumados con Chile 100 g X Unidad x 100 g ,CONSERVAS Y ENLATADOS,$ 8.100                          ,https://hipermarfish.com/public/images/productos/ZOZI042520220421_400.jpg,https://hipermarfish.com/market/productos/conservas-y-enlatados
Espadines Ahumados con Limón 100 g X Unidad x 100 g ,CONSERVAS Y ENLATADOS,$ 8.100                          ,https://hipermarfish.com/public/images/productos/KNRH042520220421_400.jpg,https://hipermarfish.com/market/productos/conservas-y-enlatados
Sardinas Ahumados en Aceite 120 g X Unidad x 120 g ,CONSERVAS Y ENLATADOS,$ 9.500                          ,https://hipermarfish.com/public/images/productos/GASQ051920220527_400.jpg,https://hipermarfish.com/market/productos/conservas-y-enlatados
Sardinas Ahumados con Chili 120 g X Unidad x 120 g ,CONSERVAS Y ENLATADOS,$ 10.200                          ,https://hipermarfish.com/public/images/productos/UXHB051920220527_400.jpg,https://hipermarfish.com/market/productos/conservas-y-enlatados
Sardinas en Aceite de Limón 120 g X Unidad x 120 g ,CONSERVAS Y ENLATADOS,$ 10.200                          ,https://hipermarfish.com/public/images/productos/ULOH051920220528_400.jpg,https://hipermarfish.com/market/productos/conservas-y-enlatados
Sardinas en Aceite de Oliva 120 g X Unidad x 120 g ,CONSERVAS Y ENLATADOS,$ 9.700                          ,https://hipermarfish.com/public/images/productos/KNKI051920220528_400.jpg,https://hipermarfish.com/market/productos/conservas-y-enlatados
Rábano Takuwan 1 kg X Unidad x 1 kg ,CONSERVAS Y ENLATADOS,$ 22.800                          ,https://hipermarfish.com/public/images/productos/CPPC102620230443_400.jpg,https://hipermarfish.com/market/productos/conservas-y-enlatados
Lychees en Almíbar 567 g X Unidad x 567 g ,CONSERVAS Y ENLATADOS,$ 11.000                          ,https://hipermarfish.com/public/images/productos/HZOV052520230816_400.jpg,https://hipermarfish.com/market/productos/conservas-y-enlatados
Anchovies / Boquerones en Ajo 198 g X Unidad x 198 g ,CONSERVAS Y ENLATADOS,$ 29.300                          ,https://hipermarfish.com/public/images/productos/GFDP011420210146_400.jpg,https://hipermarfish.com/market/productos/conservas-y-enlatados
Anchovies / Boquerones en Pimienta 198 g X Unidad x 198 g ,CONSERVAS Y ENLATADOS,$ 29.300                          ,https://hipermarfish.com/public/images/productos/B5A3346_400.jpg,https://hipermarfish.com/market/productos/conservas-y-enlatados
Anchovies / Boquerones con Aceituna 198 g X Unidad x 198 g ,CONSERVAS Y ENLATADOS,$ 29.300                          ,https://hipermarfish.com/public/images/productos/LCLZ082420190355_400.jpg,https://hipermarfish.com/market/productos/conservas-y-enlatados
Jengibre Tassya 1 Kg X Paquete x 1 kg ,CONSERVAS Y ENLATADOS,$ 18.800                          ,https://hipermarfish.com/public/images/productos/RBAD021020220503_400.jpg,https://hipermarfish.com/market/productos/conservas-y-enlatados
Jengibre 100 g X Unidad x 100 g ,CONSERVAS Y ENLATADOS,$ 3.100                          ,https://hipermarfish.com/public/images/productos/ITEP021020220404_400.jpg,https://hipermarfish.com/market/productos/conservas-y-enlatados
Arenques / Herring en Vino 340 g X Unidad x 340 g ,CONSERVAS Y ENLATADOS,$ 28.000                          ,https://hipermarfish.com/public/images/productos/B5A3338_400.jpg,https://hipermarfish.com/market/productos/conservas-y-enlatados
Arenques / Herring Rollmops 340 g X Unidad x 340 g ,CONSERVAS Y ENLATADOS,$ 28.000                          ,https://hipermarfish.com/public/images/productos/NIRQ071420200808_400.jpg,https://hipermarfish.com/market/productos/conservas-y-enlatados
Arenques / Herring Marinado 340 g X Unidad x 340 g ,CONSERVAS Y ENLATADOS,$ 28.000                          ,https://hipermarfish.com/public/images/productos/B5A3323_400.jpg,https://hipermarfish.com/market/productos/conservas-y-enlatados
Arenques / Herring en Mostaza 340 g X Unidad x 340 g ,CONSERVAS Y ENLATADOS,$ 28.000                          ,https://hipermarfish.com/public/images/productos/B5A3337_400.jpg,https://hipermarfish.com/market/productos/conservas-y-enlatados
Arenques / Herring en Crema 340 g X Unidad x 340 g ,CONSERVAS Y ENLATADOS,$ 28.000                          ,https://hipermarfish.com/public/images/productos/B5A3339_400.jpg,https://hipermarfish.com/market/productos/conservas-y-enlatados
Caviar de Salmón 50 g X Unidad x 50 g ,CONSERVAS Y ENLATADOS,$ 74.000                          ,https://hipermarfish.com/public/images/productos/B5A3316_400.jpg,https://hipermarfish.com/market/productos/conservas-y-enlatados
Caviar Rojo 100 g X Unidad x 100 g ,CONSERVAS Y ENLATADOS,$ 36.900                          ,https://hipermarfish.com/public/images/productos/B5A3341_400.jpg,https://hipermarfish.com/market/productos/conservas-y-enlatados
Caviar Negro 100 g X Unidad x 100 g ,CONSERVAS Y ENLATADOS,$ 36.900                          ,https://hipermarfish.com/public/images/productos/B5A3317_400.jpg,https://hipermarfish.com/market/productos/conservas-y-enlatados
Red Chili Pepper Flakes 2.26 kg X Unidad x 2.26 kg ,CONDIMENTOS Y ESPECIAS,$ 105.500                          ,https://hipermarfish.com/public/images/productos/PYFF071520230406_400.jpg,https://hipermarfish.com/market/productos/condimentos-y-especias
Red Chili Pepper Flakes 453 g X Unidad x 453 g ,CONDIMENTOS Y ESPECIAS,$ 22.700                          ,https://hipermarfish.com/public/images/productos/CTGH081020230316_400.jpg,https://hipermarfish.com/market/productos/condimentos-y-especias
Red Chili Pepper Flakes 200 g X Unidad x 200 g ,CONDIMENTOS Y ESPECIAS,$ 23.700                          ,https://hipermarfish.com/public/images/productos/DEIA081020230552_400.jpg,https://hipermarfish.com/market/productos/condimentos-y-especias
Tasty Curry Mild 200 g X Unidad x 200 g ,CONDIMENTOS Y ESPECIAS,$ 21.400                          ,https://hipermarfish.com/public/images/productos/HYSG081020230320_400.jpg,https://hipermarfish.com/market/productos/condimentos-y-especias
Tasty Curry Medio Hot 200 g X Unidad x 200 g ,CONDIMENTOS Y ESPECIAS,$ 21.400                          ,https://hipermarfish.com/public/images/productos/NBKH081020230324_400.jpg,https://hipermarfish.com/market/productos/condimentos-y-especias
Tasty Curry Hot 200 g X Unidad x 200 g ,CONDIMENTOS Y ESPECIAS,$ 21.400                          ,https://hipermarfish.com/public/images/productos/RRVX081020230321_400.jpg,https://hipermarfish.com/market/productos/condimentos-y-especias
Kokumaro Curry Medio Hot 140 g X Unidad x 140 g ,CONDIMENTOS Y ESPECIAS,$ 19.500                          ,https://hipermarfish.com/public/images/productos/QRJP071520230430_400.jpg,https://hipermarfish.com/market/productos/condimentos-y-especias
Kokumaro Curry Hot 140 g X Unidad x 140 g ,CONDIMENTOS Y ESPECIAS,$ 19.500                          ,https://hipermarfish.com/public/images/productos/IBVA071520230432_400.jpg,https://hipermarfish.com/market/productos/condimentos-y-especias
Golden Curry Mild 220 g X Caja x 220 g ,CONDIMENTOS Y ESPECIAS,$ 28.000                          ,https://hipermarfish.com/public/images/productos/UNFP110920200835_400.jpg,https://hipermarfish.com/market/productos/condimentos-y-especias
Golden Curry Hot 220 g X Caja x 220 g ,CONDIMENTOS Y ESPECIAS,$ 28.000                          ,https://hipermarfish.com/public/images/productos/BHCO081020230322_400.jpg,https://hipermarfish.com/market/productos/condimentos-y-especias
Golden Curry Medium Hot 220 g X Caja x 220 g ,CONDIMENTOS Y ESPECIAS,$ 28.000                          ,https://hipermarfish.com/public/images/productos/PYNQ111220220234_400.jpg,https://hipermarfish.com/market/productos/condimentos-y-especias
Golden Curry Extra Hot 220 g X Caja x 220 g ,CONDIMENTOS Y ESPECIAS,$ 28.000                          ,https://hipermarfish.com/public/images/productos/XPCK081020230325_400.jpg,https://hipermarfish.com/market/productos/condimentos-y-especias
Vermont Curry Mild 230 g X Caja x 230 g ,CONDIMENTOS Y ESPECIAS,$ 28.000                          ,https://hipermarfish.com/public/images/productos/DBJK050720210520_400.jpg,https://hipermarfish.com/market/productos/condimentos-y-especias
Vermont Curry Hot 230 g X Unidad x 230 g ,CONDIMENTOS Y ESPECIAS,$ 28.000                          ,https://hipermarfish.com/public/images/productos/GUOT081020230329_400.jpg,https://hipermarfish.com/market/productos/condimentos-y-especias
Vermont Curry Medio Hot 230 g X Unidad x 230 g ,CONDIMENTOS Y ESPECIAS,$ 28.000                          ,https://hipermarfish.com/public/images/productos/EQNF081020230327_400.jpg,https://hipermarfish.com/market/productos/condimentos-y-especias
Curry Powder 85 g X Unidad x 85 g ,CONDIMENTOS Y ESPECIAS,$ 21.000                          ,https://hipermarfish.com/public/images/productos/JBIW112520200359_400.jpg,https://hipermarfish.com/market/productos/condimentos-y-especias
Azafrán 1 g X Unidad x 1 g ,CONDIMENTOS Y ESPECIAS,$ 21.200                          ,https://hipermarfish.com/public/images/productos/VBYD082620190809_400.jpg,https://hipermarfish.com/market/productos/condimentos-y-especias
Togarashi Tassya 454 g X Paquete x 454 g ,CONDIMENTOS Y ESPECIAS,$ 20.100                          ,https://hipermarfish.com/public/images/productos/GVLL081020230315_400.jpg,https://hipermarfish.com/market/productos/condimentos-y-especias
Furikake Salmón 50 g X Unidad x 50 g ,CONDIMENTOS Y ESPECIAS,$ 20.000                          ,https://hipermarfish.com/public/images/productos/ZMMJ021020220325_400.jpg,https://hipermarfish.com/market/productos/condimentos-y-especias
Furikake Wasabi 50 g X Unidad x 50 g ,CONDIMENTOS Y ESPECIAS,$ 20.000                          ,https://hipermarfish.com/public/images/productos/QTKG103020200422_400.jpg,https://hipermarfish.com/market/productos/condimentos-y-especias
Furikake Noritamago 50 g X Unidad x 50 g ,CONDIMENTOS Y ESPECIAS,$ 20.000                          ,https://hipermarfish.com/public/images/productos/EFXG021020220325_400.jpg,https://hipermarfish.com/market/productos/condimentos-y-especias
Hondashi Tassya 1 Kg X Unidad x 1 kg ,CONDIMENTOS Y ESPECIAS,$ 56.700                          ,https://hipermarfish.com/public/images/productos/UFHO052920200138_400.jpg,https://hipermarfish.com/market/productos/condimentos-y-especias
Tinta de Calamar 500 g X Unidad x 500 g ,CONDIMENTOS Y ESPECIAS,$ 118.500                          ,https://hipermarfish.com/public/images/productos/GZQN042720200134_400.jpg,https://hipermarfish.com/market/productos/condimentos-y-especias
Tinta de Calamar en Sobre x 4  Und de 4 g X Paquete x 4 u ,CONDIMENTOS Y ESPECIAS,$ 12.000                          ,https://hipermarfish.com/public/images/productos/DKPJ021020220511_400.jpg,https://hipermarfish.com/market/productos/condimentos-y-especias
Sal Marina Fina 750 g X Unidad x 750 g ,CONDIMENTOS Y ESPECIAS,$ 20.300                          ,https://hipermarfish.com/public/images/productos/GICK082120200843_400.jpg,https://hipermarfish.com/market/productos/condimentos-y-especias
Sal Marina Fina 250 g X Unidad x 250 g ,CONDIMENTOS Y ESPECIAS,$ 13.000                          ,https://hipermarfish.com/public/images/productos/XEXB112520200358_400.jpg,https://hipermarfish.com/market/productos/condimentos-y-especias
Sal Marina Gruesa 750 g X Unidad x 750 g ,CONDIMENTOS Y ESPECIAS,$ 20.300                          ,https://hipermarfish.com/public/images/productos/QJYY082120200845_400.jpg,https://hipermarfish.com/market/productos/condimentos-y-especias
Caldo de Camarón 200 g X Unidad x 200 g ,CONDIMENTOS Y ESPECIAS,$ 7.500                          ,https://hipermarfish.com/public/images/productos/GBRP082420190835_400.jpg,https://hipermarfish.com/market/productos/condimentos-y-especias
Coco Rayado 250 g X Paquete x 250 g ,CONDIMENTOS Y ESPECIAS,$ 7.500                          ,https://hipermarfish.com/public/images/productos/FHPU101520201228_400.jpg,https://hipermarfish.com/market/productos/condimentos-y-especias
Bulto Leche de Coco x 15 kg X Unidad x 15 kg ,LECHE DE COCO,$ 748.000                          ,https://hipermarfish.com/public/images/productos/NXKG122320220303_400.jpg,https://hipermarfish.com/market/productos/leche-de-coco
Crema de Coco Lata 13.5 oz. (400 ml) X Lata x 400 ml ,LECHE DE COCO,$ 7.000                          ,https://hipermarfish.com/public/images/productos/BMQS071420230536_400.jpg,https://hipermarfish.com/market/productos/leche-de-coco
Leche de Coco Lata 5.8 oz. (165 ml) X Lata x 165 ml ,LECHE DE COCO,$ 3.700                          ,https://hipermarfish.com/public/images/productos/B5A2901_400.jpg,https://hipermarfish.com/market/productos/leche-de-coco
Leche de Coco Crema Thai 370 g X Unidad x 370 g ,LECHE DE COCO,$ 19.400                          ,https://hipermarfish.com/public/images/productos/B5A2952_400.jpg,https://hipermarfish.com/market/productos/leche-de-coco
Leche de Coco en Polvo 250 g X Unidad x 250 g ,LECHE DE COCO,$ 16.000                          ,https://hipermarfish.com/public/images/productos/UEWT122820190701_400.jpg,https://hipermarfish.com/market/productos/leche-de-coco
Koala´s March Fresa X Unidad ,POSTRES Y DULCES,$ 6.500                          ,https://hipermarfish.com/public/images/productos/BCEZ052520230814_400.jpg,https://hipermarfish.com/market/productos/postres-y-dulces
Koala´s March Chocolate X Unidad ,POSTRES Y DULCES,$ 6.500                          ,https://hipermarfish.com/public/images/productos/FQPB052520230813_400.jpg,https://hipermarfish.com/market/productos/postres-y-dulces
Koala´s March Mantequilla X Unidad ,POSTRES Y DULCES,$ 6.500                          ,https://hipermarfish.com/public/images/productos/DERQ052520230814_400.jpg,https://hipermarfish.com/market/productos/postres-y-dulces
Crunky Chocolate X Unidad ,POSTRES Y DULCES,$ 6.300                          ,https://hipermarfish.com/public/images/productos/FZXP052520230812_400.jpg,https://hipermarfish.com/market/productos/postres-y-dulces
Chocolate Pie X Unidad ,POSTRES Y DULCES,$ 8.500                          ,https://hipermarfish.com/public/images/productos/YGFQ052520230810_400.jpg,https://hipermarfish.com/market/productos/postres-y-dulces
Soon Vegan Cup Noodle 67 g X Unidad x 67 g ,PASTAS Y NOODLES,$ 6.000                          ,https://hipermarfish.com/public/images/productos/HLVL081020230550_400.jpg,https://hipermarfish.com/market/productos/pastas-y-noodles
Ramen Shio Sun 348 g X Unidad x 348 g ,PASTAS Y NOODLES,$ 29.800                          ,https://hipermarfish.com/public/images/productos/UJHY051920220356_400.jpg,https://hipermarfish.com/market/productos/pastas-y-noodles
Ramen Shoyu Sun  355 g X Unidad x 355 g ,PASTAS Y NOODLES,$ 29.800                          ,https://hipermarfish.com/public/images/productos/RECA051920220327_400.jpg,https://hipermarfish.com/market/productos/pastas-y-noodles
Ramen Miso Sun 373 g X Unidad x 373 g ,PASTAS Y NOODLES,$ 27.000                          ,https://hipermarfish.com/public/images/productos/UCBB051920220343_400.jpg,https://hipermarfish.com/market/productos/pastas-y-noodles
Ramen Tonkotsu Sun 243 g X Unidad x 243 g ,PASTAS Y NOODLES,$ 27.000                          ,https://hipermarfish.com/public/images/productos/ANRV051920220401_400.jpg,https://hipermarfish.com/market/productos/pastas-y-noodles
Ramen Buldak Quattro Cheese 725 g X Unidad x 725 g ,PASTAS Y NOODLES,$ 41.000                          ,https://hipermarfish.com/public/images/productos/STBN102620230416_400.jpg,https://hipermarfish.com/market/productos/pastas-y-noodles
Ramen Buldak Carbonara 650 g X Unidad x 650 g ,PASTAS Y NOODLES,$ 31.600                          ,https://hipermarfish.com/public/images/productos/SYIJ102620230417_400.jpg,https://hipermarfish.com/market/productos/pastas-y-noodles
Vermicelli x 1 Kg X Paquete x 1 kg ,PASTAS Y NOODLES,$ 45.000                          ,https://hipermarfish.com/public/images/productos/MATW061420220339_400.jpg,https://hipermarfish.com/market/productos/pastas-y-noodles
Pasta de Soya Ajo 500 g X Unidad x 500 g ,PASTAS Y NOODLES,$ 16.500                          ,https://hipermarfish.com/public/images/productos/VPTB052520230820_400.jpg,https://hipermarfish.com/market/productos/pastas-y-noodles
Pasta de Soya 500 g X Unidad x 500 g ,PASTAS Y NOODLES,$ 15.500                          ,https://hipermarfish.com/public/images/productos/WSBK052520230819_400.jpg,https://hipermarfish.com/market/productos/pastas-y-noodles
Rice Cake Tteokguk 907 g X Unidad x 907 g ,PASTAS Y NOODLES,$ 21.000                          ,https://hipermarfish.com/public/images/productos/KNHS021020220422_400.jpg,https://hipermarfish.com/market/productos/pastas-y-noodles
Rice Cake Topokki 907 g X Unidad x 907 g ,PASTAS Y NOODLES,$ 21.000                          ,https://hipermarfish.com/public/images/productos/AVHC021020220428_400.jpg,https://hipermarfish.com/market/productos/pastas-y-noodles
Pasta de Papa (Batata) 680 g X Paquete x 680 g ,PASTAS Y NOODLES,$ 25.000                          ,https://hipermarfish.com/public/images/productos/BBYM060920220522_400.jpg,https://hipermarfish.com/market/productos/pastas-y-noodles
Egg Noodles 400 g X Unidad x 400 g ,PASTAS Y NOODLES,$ 8.000                          ,https://hipermarfish.com/public/images/productos/GKUA082720190330_400.jpg,https://hipermarfish.com/market/productos/pastas-y-noodles
"Pasta Sanuki Udon 1250 g X Unidad x 1,250 g ",PASTAS Y NOODLES,$ 61.000                          ,https://hipermarfish.com/public/images/productos/UIBU081020230419_400.jpg,https://hipermarfish.com/market/productos/pastas-y-noodles
Pasta Vermicelli 500 g X Paquete x 500 g ,PASTAS Y NOODLES,$ 12.000                          ,https://hipermarfish.com/public/images/productos/SXMS082820210408_400.jpg,https://hipermarfish.com/market/productos/pastas-y-noodles
Pasta Udon 300 g X Paquete x 300 g ,PASTAS Y NOODLES,$ 5.800                          ,https://hipermarfish.com/public/images/productos/ZWYP071920220910_400.jpg,https://hipermarfish.com/market/productos/pastas-y-noodles
Pasta Soba 300 g X Paquete x 300 g ,PASTAS Y NOODLES,$ 6.500                          ,https://hipermarfish.com/public/images/productos/RVTL012920230139_400.jpg,https://hipermarfish.com/market/productos/pastas-y-noodles
Pasta Ramen 300 g X Paquete x 300 g ,PASTAS Y NOODLES,$ 6.500                          ,https://hipermarfish.com/public/images/productos/CUMA101520201234_400.jpg,https://hipermarfish.com/market/productos/pastas-y-noodles
Pasta de Arroz 5 mm de 400 g X Paquete x 400 g ,PASTAS Y NOODLES,$ 5.200                          ,https://hipermarfish.com/public/images/productos/B5A2798_400.jpg,https://hipermarfish.com/market/productos/pastas-y-noodles
Pasta de Arroz 3 mm de 400 g X Paquete x 400 g ,PASTAS Y NOODLES,$ 5.200                          ,https://hipermarfish.com/public/images/productos/B5A2800_400.jpg,https://hipermarfish.com/market/productos/pastas-y-noodles
Salsa de Pescado Squid 300 ml X Unidad x 300 ml ,SALSAS Y ADEREZOS,$ 15.000                          ,https://hipermarfish.com/public/images/productos/PPMJ052520230825_400.jpg,https://hipermarfish.com/market/productos/salsas-y-aderezos
Salsa de Soya Less Seasir x 5 gl X Unidad x 5  ,SALSAS Y ADEREZOS,$ 253.000                          ,https://hipermarfish.com/public/images/productos/DOEJ052520230859_400.jpg,https://hipermarfish.com/market/productos/salsas-y-aderezos
Salsa de Soya Less Seasir 1 lt X Unidad ,SALSAS Y ADEREZOS,$ 14.000                          ,https://hipermarfish.com/public/images/productos/LCWU052520230822_400.jpg,https://hipermarfish.com/market/productos/salsas-y-aderezos
Salsa de Soya Less Seasir 152 ml X Unidad ,SALSAS Y ADEREZOS,$ 7.000                          ,https://hipermarfish.com/public/images/productos/MDNE052520230822_400.jpg,https://hipermarfish.com/market/productos/salsas-y-aderezos
Salsa de Soya Less Seasir 150 ml X Unidad x 150 ml ,SALSAS Y ADEREZOS,$ 7.000                          ,https://hipermarfish.com/public/images/productos/EIJF041420210226_400.jpg,https://hipermarfish.com/market/productos/salsas-y-aderezos
Salsa de Soya Prémium 30 ml X Unidad x 30 ml ,SALSAS Y ADEREZOS,$ 600                          ,https://hipermarfish.com/public/images/productos/AHXP052520230857_400.jpg,https://hipermarfish.com/market/productos/salsas-y-aderezos
Salsa de Pescado Squid 735 ml X Unidad x 725 ml ,SALSAS Y ADEREZOS,$ 26.500                          ,https://hipermarfish.com/public/images/productos/NAOL053120220558_400.jpg,https://hipermarfish.com/market/productos/salsas-y-aderezos
Lata de  Aceite de Ajonjolí kadoya 1.6 L X Unidad x 1.60 lt ,SALSAS Y ADEREZOS,$ 99.800                          ,https://hipermarfish.com/public/images/productos/MGGU121920190726_400.jpg,https://hipermarfish.com/market/productos/salsas-y-aderezos
Aceite Kadoya en Botella de 327 ml X Botella x 327 ml ,SALSAS Y ADEREZOS,$ 31.300                          ,https://hipermarfish.com/public/images/productos/NCAJ083120191222_400.jpg,https://hipermarfish.com/market/productos/salsas-y-aderezos
Aceite Kadoya Hot 163 ml X Unidad x 163 ml ,SALSAS Y ADEREZOS,$ 16.000                          ,https://hipermarfish.com/public/images/productos/IYCG052520230810_400.jpg,https://hipermarfish.com/market/productos/salsas-y-aderezos
Aceite de Coco Orgánico 500 ml X Unidad x 500 ml ,SALSAS Y ADEREZOS,$ 26.900                          ,https://hipermarfish.com/public/images/productos/UUKP022520210547_400.jpg,https://hipermarfish.com/market/productos/salsas-y-aderezos
Nam Pla Wan 215 g X Unidad x 215 g ,SALSAS Y ADEREZOS,$ 14.500                          ,https://hipermarfish.com/public/images/productos/B5A2878_400.jpg,https://hipermarfish.com/market/productos/salsas-y-aderezos
Salsa de Soya Seasir 150 ml X Unidad x 150 ml ,SALSAS Y ADEREZOS,$ 8.800                          ,https://hipermarfish.com/public/images/productos/UKWE031720220825_400.jpg,https://hipermarfish.com/market/productos/salsas-y-aderezos
Salsa Soya Citrus 1L X Unidad x 1 lt ,SALSAS Y ADEREZOS,$ 22.600                          ,https://hipermarfish.com/public/images/productos/B5A2858_400.jpg,https://hipermarfish.com/market/productos/salsas-y-aderezos
Salsa Sriracha Hot Chili 482 g X Unidad x 482 g ,SALSAS Y ADEREZOS,$ 23.100                          ,https://hipermarfish.com/public/images/productos/NAKG051120200536_400.jpg,https://hipermarfish.com/market/productos/salsas-y-aderezos
Salsa Sweet Chili 750 g X Unidad x 750 g ,SALSAS Y ADEREZOS,$ 20.200                          ,https://hipermarfish.com/public/images/productos/B5A2845_400.jpg,https://hipermarfish.com/market/productos/salsas-y-aderezos
Salsa Sweet Chili 350 g X Unidad x 350 g ,SALSAS Y ADEREZOS,$ 11.000                          ,https://hipermarfish.com/public/images/productos/B5A2846_400.jpg,https://hipermarfish.com/market/productos/salsas-y-aderezos
Salsa de Pescado Sunlee 720 ml X Unidad x 720 ml ,SALSAS Y ADEREZOS,$ 10.500                          ,https://hipermarfish.com/public/images/productos/ALXJ101520201234_400.jpg,https://hipermarfish.com/market/productos/salsas-y-aderezos
Salsa de Ostras Tassya Grande 510 g X Unidad x 510 g ,SALSAS Y ADEREZOS,$ 18.500                          ,https://hipermarfish.com/public/images/productos/B5A2854_400.jpg,https://hipermarfish.com/market/productos/salsas-y-aderezos
Salsa de Ostras Tassya 260 g X Unidad x 260 g ,SALSAS Y ADEREZOS,$ 12.500                          ,https://hipermarfish.com/public/images/productos/ZGCA121920190915_400.jpg,https://hipermarfish.com/market/productos/salsas-y-aderezos
Salsa Ponzu Glaze Citrus 2.27 Kg X Unidad x 2.27 kg ,SALSAS Y ADEREZOS,$ 59.300                          ,https://hipermarfish.com/public/images/productos/B5A2779_400.jpg,https://hipermarfish.com/market/productos/salsas-y-aderezos
Salsa Yuzu Ponzu Glaze 2.18 kg X Unidad x 2.18 kg ,SALSAS Y ADEREZOS,$ 62.000                          ,https://hipermarfish.com/public/images/productos/PNPX052520230824_400.jpg,https://hipermarfish.com/market/productos/salsas-y-aderezos
Salsa Poke Yamasa 2.13 Kg X Unidad x 2.13 kg ,SALSAS Y ADEREZOS,$ 48.800                          ,https://hipermarfish.com/public/images/productos/B5A2917_400.jpg,https://hipermarfish.com/market/productos/salsas-y-aderezos
Té de Jengibre y Miel 216 g X Paquete x 216 g ,TE,$ 15.400                          ,https://hipermarfish.com/public/images/productos/VBFQ082720221059_400.jpg,https://hipermarfish.com/market/productos/te
Té Verde 500 g X Unidad x 500 g ,TE,$ 30.800                          ,https://hipermarfish.com/public/images/productos/OIGC121920190918_400.jpg,https://hipermarfish.com/market/productos/te
Té Thai 454 g X Unidad x 454 g ,TE,$ 20.500                          ,https://hipermarfish.com/public/images/productos/B5A2931_400.jpg,https://hipermarfish.com/market/productos/te
Pega de Arroz 500 g X Unidad x 500 g ,TODO PARA SUSHI,$ 17.000                          ,https://hipermarfish.com/public/images/productos/SHME101520200507_400.jpg,https://hipermarfish.com/market/productos/todo-para-sushi
Masago 500 g X Unidad x 500 g ,TODO PARA SUSHI,$ 85.000                          ,https://hipermarfish.com/public/images/productos/CLPC101520200158_400.jpg,https://hipermarfish.com/market/productos/todo-para-sushi
Masago 80 g X Unidad x 80 g ,TODO PARA SUSHI,$ 15.500                          ,https://hipermarfish.com/public/images/productos/KOYK031720220900_400.jpg,https://hipermarfish.com/market/productos/todo-para-sushi
Wasabi 1 Kg X Unidad x 1 kg ,TODO PARA SUSHI,$ 48.000                          ,https://hipermarfish.com/public/images/productos/DEIY022620220404_400.jpg,https://hipermarfish.com/market/productos/todo-para-sushi
Wasabi 60 g X Unidad x 60 g ,TODO PARA SUSHI,$ 5.200                          ,https://hipermarfish.com/public/images/productos/JMHW101520201235_400.jpg,https://hipermarfish.com/market/productos/todo-para-sushi
Wasabi 43 g X Unidad x 43 g ,TODO PARA SUSHI,$ 7.000                          ,https://hipermarfish.com/public/images/productos/QUJM020820200840_400.jpg,https://hipermarfish.com/market/productos/todo-para-sushi
Vinagre Seasir 1.9 L X Unidad x 1.90 lt ,TODO PARA SUSHI,$ 31.300                          ,https://hipermarfish.com/public/images/productos/SWTN071420220520_400.jpg,https://hipermarfish.com/market/productos/todo-para-sushi
Vinagre Seasir 1 L X Botella x 1 lt ,TODO PARA SUSHI,$ 16.000                          ,https://hipermarfish.com/public/images/productos/IBCA071420220528_400.jpg,https://hipermarfish.com/market/productos/todo-para-sushi
Mirin Seasir 500 ml X Botella x 500 ml ,TODO PARA SUSHI,$ 15.600                          ,https://hipermarfish.com/public/images/productos/BOZS031720210653_400.jpg,https://hipermarfish.com/market/productos/todo-para-sushi
Lenguado Entero X Kilogramo ,PESCADOS ENTEROS Y POSTAS,$ 22.000                          ,https://hipermarfish.com/public/images/productos/FDYU081020230307_400.jpg,https://hipermarfish.com/market/productos/pescados-enteros-y-postas
Mojarra Roja Fresca X Kilogramo ,PESCADOS ENTEROS Y POSTAS,$ 16.000                          ,https://hipermarfish.com/public/images/productos/DHKG071120201002_400.jpg,https://hipermarfish.com/market/productos/pescados-enteros-y-postas
Mojarra Roja Congelada X Kilogramo ,PESCADOS ENTEROS Y POSTAS,$ 20.400                          ,https://hipermarfish.com/public/images/productos/MGQQ051220200911_400.jpg,https://hipermarfish.com/market/productos/pescados-enteros-y-postas
Mojarra Roja Empacada al Vacío X Kilogramo ,PESCADOS ENTEROS Y POSTAS,$ 18.500                          ,https://hipermarfish.com/public/images/productos/UEWN032520221035_400.jpg,https://hipermarfish.com/market/productos/pescados-enteros-y-postas
Mojarra Negra Empacada al Vacío X Kilogramo ,PESCADOS ENTEROS Y POSTAS,$ 17.500                          ,https://hipermarfish.com/public/images/productos/LZWH060320230157_400.jpg,https://hipermarfish.com/market/productos/pescados-enteros-y-postas
Cachama al Vacio Congelado X Kilogramo ,PESCADOS ENTEROS Y POSTAS,$ 16.000                          ,https://hipermarfish.com/public/images/productos/NKAI102520230414_400.jpg,https://hipermarfish.com/market/productos/pescados-enteros-y-postas
Bagre Rayado en Posta X Kilogramo ,PESCADOS ENTEROS Y POSTAS,$ 32.000                          ,https://hipermarfish.com/public/images/productos/QWFJ020820200926_400.jpg,https://hipermarfish.com/market/productos/pescados-enteros-y-postas
Bagre de Mar en Posta X Kilogramo ,PESCADOS ENTEROS Y POSTAS,$ 22.000                          ,https://hipermarfish.com/public/images/productos/SVUQ083120190432_400.jpg,https://hipermarfish.com/market/productos/pescados-enteros-y-postas
Sierra  en Posta X Kilogramo ,PESCADOS ENTEROS Y POSTAS,$ 30.000                          ,https://hipermarfish.com/public/images/productos/NTUD042220230220_400.jpg,https://hipermarfish.com/market/productos/pescados-enteros-y-postas
Pargo Rojo Fresco al Vacio X Kilogramo ,PESCADOS ENTEROS Y POSTAS,$ 40.000                          ,https://hipermarfish.com/public/images/productos/RUGQ052520230913_400.jpg,https://hipermarfish.com/market/productos/pescados-enteros-y-postas
Arenque HG 453 g X Unidad x 453 g ,PESCADOS ENTEROS Y POSTAS,$ 19.000                          ,https://hipermarfish.com/public/images/productos/DWOC100920230435_400.jpg,https://hipermarfish.com/market/productos/pescados-enteros-y-postas
Róbalo Entero Pequeño X Kilogramo ,PESCADOS ENTEROS Y POSTAS,$ 32.000                          ,https://hipermarfish.com/public/images/productos/QJBY060920220526_400.jpg,https://hipermarfish.com/market/productos/pescados-enteros-y-postas
Róbalo Entero Congelado X Kilogramo ,PESCADOS ENTEROS Y POSTAS,$ 49.000                          ,https://hipermarfish.com/public/images/productos/VSTQ052520230950_400.jpg,https://hipermarfish.com/market/productos/pescados-enteros-y-postas
Macarela / Mackerel X Kilogramo ,PESCADOS ENTEROS Y POSTAS,$ 31.100                          ,https://hipermarfish.com/public/images/productos/ZODG111520220821_400.jpg,https://hipermarfish.com/market/productos/pescados-enteros-y-postas
Trucha Entera Congelada X Kilogramo ,PESCADOS ENTEROS Y POSTAS,$ 14.000                          ,https://hipermarfish.com/public/images/productos/ZJVC052620230454_400.jpg,https://hipermarfish.com/market/productos/pescados-enteros-y-postas
Branzino / Lubia X Kilogramo ,PESCADOS ENTEROS Y POSTAS,$ 125.000                          ,https://hipermarfish.com/public/images/productos/CRRZ050620200948_400.jpg,https://hipermarfish.com/market/productos/pescados-enteros-y-postas
Corvina Empacada al Vacío X Kilogramo ,PESCADOS ENTEROS Y POSTAS,$ 23.000                          ,https://hipermarfish.com/public/images/productos/LRAS060320230154_400.jpg,https://hipermarfish.com/market/productos/pescados-enteros-y-postas
Corvina Pequeña X Kilogramo ,PESCADOS ENTEROS Y POSTAS,$ 18.000                          ,https://hipermarfish.com/public/images/productos/AGIU020420210215_400.jpg,https://hipermarfish.com/market/productos/pescados-enteros-y-postas
Pámpano X Kilogramo ,PESCADOS ENTEROS Y POSTAS,$ 48.000                          ,https://hipermarfish.com/public/images/productos/UBJG041420210306_400.jpg,https://hipermarfish.com/market/productos/pescados-enteros-y-postas
Hueso de Bagre Carnudo X Kilogramo ,PESCADOS ENTEROS Y POSTAS,$ 16.000                          ,https://hipermarfish.com/public/images/productos/SSLC102620230433_400.jpg,https://hipermarfish.com/market/productos/pescados-enteros-y-postas
Basa X Kilogramo ,PESCADOS ENTEROS Y POSTAS,$ 16.000                          ,https://hipermarfish.com/public/images/productos/IQMJ082620190935_400.jpg,https://hipermarfish.com/market/productos/pescados-enteros-y-postas
Gyoza / Empanaditas de Camarón x 10 Unidades X Paquete x 10 u ,LISTOS Y CONGELADOS,$ 12.500                          ,https://hipermarfish.com/public/images/productos/KKSB052520231001_400.jpg,https://hipermarfish.com/market/productos/listos-y-congelados
Hacao de Camarón X Paquete x 8 u ,LISTOS Y CONGELADOS,$ 12.500                          ,https://hipermarfish.com/public/images/productos/IQWP052620230514_400.jpg,https://hipermarfish.com/market/productos/listos-y-congelados
Shumai de Camarón X Paquete x 8 u ,LISTOS Y CONGELADOS,$ 12.500                          ,https://hipermarfish.com/public/images/productos/RHYW052620230514_400.jpg,https://hipermarfish.com/market/productos/listos-y-congelados
Baozi de Vegetales X Paquete x 6 u ,LISTOS Y CONGELADOS,$ 26.000                          ,https://hipermarfish.com/public/images/productos/PCSE052520230957_400.jpg,https://hipermarfish.com/market/productos/listos-y-congelados
Hamburguesa de Salmón 500 g X Paquete x 500 g ,LISTOS Y CONGELADOS,$ 29.500                          ,https://hipermarfish.com/public/images/productos/DRBY080920230641_400.jpg,https://hipermarfish.com/market/productos/listos-y-congelados
Hamburguesa de Atún 500 g X Paquete x 500 g ,LISTOS Y CONGELADOS,$ 21.500                          ,https://hipermarfish.com/public/images/productos/EACW080920230640_400.jpg,https://hipermarfish.com/market/productos/listos-y-congelados
Hamburguesa de Pescado 500 g X Unidad x 500 g ,LISTOS Y CONGELADOS,$ 15.500                          ,https://hipermarfish.com/public/images/productos/AYQH080920230641_400.jpg,https://hipermarfish.com/market/productos/listos-y-congelados
Croquetas de Pescado x 16 Unidades X Unidad x 454 g ,LISTOS Y CONGELADOS,$ 16.000                          ,https://hipermarfish.com/public/images/productos/DRVI080920230641_400.jpg,https://hipermarfish.com/market/productos/listos-y-congelados
Nuggets de Pescado 454 g X Paquete x 450 g ,LISTOS Y CONGELADOS,$ 13.500                          ,https://hipermarfish.com/public/images/productos/BGPD080920230642_400.jpg,https://hipermarfish.com/market/productos/listos-y-congelados
Miso Aka 1 Kg X Paquete x 1 kg ,LISTOS Y CONGELADOS,$ 22.900                          ,https://hipermarfish.com/public/images/productos/MNSE122420220233_400.jpg,https://hipermarfish.com/market/productos/listos-y-congelados
Miso Shiro 1 Kg X Paquete x 1 kg ,LISTOS Y CONGELADOS,$ 28.000                          ,https://hipermarfish.com/public/images/productos/XNFY052620230508_400.jpg,https://hipermarfish.com/market/productos/listos-y-congelados
Miso Shiro 453 g X Unidad x 453 g ,LISTOS Y CONGELADOS,$ 30.900                          ,https://hipermarfish.com/public/images/productos/QTSR052620230513_400.jpg,https://hipermarfish.com/market/productos/listos-y-congelados
Miso bajo en Sodio 908 g X Unidad x 908 g ,LISTOS Y CONGELADOS,$ 25.500                          ,https://hipermarfish.com/public/images/productos/UGAN052620230513_400.jpg,https://hipermarfish.com/market/productos/listos-y-congelados
Miso Aka Organico 453 g X Unidad x 453 g ,LISTOS Y CONGELADOS,$ 30.900                          ,https://hipermarfish.com/public/images/productos/NJRR052620230513_400.jpg,https://hipermarfish.com/market/productos/listos-y-congelados
Red bean Bread 85 g X Unidad ,LISTOS Y CONGELADOS,$ 9.000                          ,https://hipermarfish.com/public/images/productos/WDPO052620230453_400.jpg,https://hipermarfish.com/market/productos/listos-y-congelados
Bolas de Langosta 454 g X Unidad x 454 g ,LISTOS Y CONGELADOS,$ 24.000                          ,https://hipermarfish.com/public/images/productos/QBXD021020220350_400.jpg,https://hipermarfish.com/market/productos/listos-y-congelados
Edamame 454 g X Unidad x 454 g ,LISTOS Y CONGELADOS,$ 7.900                          ,https://hipermarfish.com/public/images/productos/RFCE022620220257_400.jpg,https://hipermarfish.com/market/productos/listos-y-congelados
Gyoza Skin 500 g X Unidad x 500 g ,LISTOS Y CONGELADOS,$ 11.300                          ,https://hipermarfish.com/public/images/productos/ZVAU052620230512_400.jpg,https://hipermarfish.com/market/productos/listos-y-congelados
Gyoza Skin 283 g X Unidad x 283 g ,LISTOS Y CONGELADOS,$ 12.500                          ,https://hipermarfish.com/public/images/productos/FDGU081020230514_400.jpg,https://hipermarfish.com/market/productos/listos-y-congelados
Egg Roll Skin / Lumpias 340 g X Unidad x 340 g ,LISTOS Y CONGELADOS,$ 9.500                          ,https://hipermarfish.com/public/images/productos/NSPR101520201239_400.jpg,https://hipermarfish.com/market/productos/listos-y-congelados
Masa para Wonton 500 g X Unidad x 500 g ,LISTOS Y CONGELADOS,$ 11.300                          ,https://hipermarfish.com/public/images/productos/UQGY052620230516_400.jpg,https://hipermarfish.com/market/productos/listos-y-congelados
Natto Kabuto X Unidades x 50 g ,LISTOS Y CONGELADOS,$ 11.000                          ,https://hipermarfish.com/public/images/productos/YHSO102620230414_400.jpg,https://hipermarfish.com/market/productos/listos-y-congelados
Natto Torommame X Unidad ,LISTOS Y CONGELADOS,$ 11.000                          ,https://hipermarfish.com/public/images/productos/WYON071820230907_400.jpg,https://hipermarfish.com/market/productos/listos-y-congelados
Natto Umefuumikurozutare 133.5 g X Unidad x 133.50 g ,LISTOS Y CONGELADOS,$ 11.000                          ,https://hipermarfish.com/public/images/productos/VUBH071820230532_400.jpg,https://hipermarfish.com/market/productos/listos-y-congelados
Natto Niowanatto 168.3 g X Unidad x 168.30 g ,LISTOS Y CONGELADOS,$ 11.000                          ,https://hipermarfish.com/public/images/productos/GIKI102620230414_400.jpg,https://hipermarfish.com/market/productos/listos-y-congelados
Cazuela Especial 480 g X Unidad x 480 g ,LISTOS Y CONGELADOS,$ 14.600                          ,https://hipermarfish.com/public/images/productos/ZXSB081020230447_400.jpg,https://hipermarfish.com/market/productos/listos-y-congelados
Cazuela Super Especial 700 g X Unidad x 700 g ,LISTOS Y CONGELADOS,$ 19.700                          ,https://hipermarfish.com/public/images/productos/IILM081020230436_400.jpg,https://hipermarfish.com/market/productos/listos-y-congelados
"Cazuela Familiar 3000 g X Unidad x 3,000 g ",LISTOS Y CONGELADOS,$ 66.300                          ,https://hipermarfish.com/public/images/productos/GKVU081020230513_400.jpg,https://hipermarfish.com/market/productos/listos-y-congelados
Bisque de Langosta 350 g X Unidad x 350 g ,LISTOS Y CONGELADOS,$ 13.500                          ,https://hipermarfish.com/public/images/productos/HTXC091420220601_400.jpg,https://hipermarfish.com/market/productos/listos-y-congelados
Crema de Salmón 360 g X Unidad x 360 g ,LISTOS Y CONGELADOS,$ 6.500                          ,https://hipermarfish.com/public/images/productos/ZAOY022420220700_400.jpg,https://hipermarfish.com/market/productos/listos-y-congelados
Crema de Camarón 360 g X Unidad x 360 g ,LISTOS Y CONGELADOS,$ 11.800                          ,https://hipermarfish.com/public/images/productos/UNMU022420220659_400.jpg,https://hipermarfish.com/market/productos/listos-y-congelados
Spring Roll de Vegetales x 20 Und X Caja x 20 u ,LISTOS Y CONGELADOS,$ 25.000                          ,https://hipermarfish.com/public/images/productos/FEWB081020230512_400.jpg,https://hipermarfish.com/market/productos/listos-y-congelados
Jaiba Gratinada Bandeja x 3 Unidades X Unidad x 270 g ,LISTOS Y CONGELADOS,$ 22.500                          ,https://hipermarfish.com/public/images/productos/KQOI091820230138_400.jpg,https://hipermarfish.com/market/productos/listos-y-congelados
Ensalada de Algas 500 g X Unidad x 500 g ,LISTOS Y CONGELADOS,$ 20.600                          ,https://hipermarfish.com/public/images/productos/OMKB020820200959_400.jpg,https://hipermarfish.com/market/productos/listos-y-congelados
Ensalada de Calamar 220 g X Unidad x 220 g ,LISTOS Y CONGELADOS,$ 12.900                          ,https://hipermarfish.com/public/images/productos/DHYA071620200504_400.jpg,https://hipermarfish.com/market/productos/listos-y-congelados
Pato X Kilogramo ,LISTOS Y CONGELADOS,$ 59.900                          ,https://hipermarfish.com/public/images/productos/YAOK081020230516_400.jpg,https://hipermarfish.com/market/productos/listos-y-congelados
Tofu Fresco X Kilogramo ,LISTOS Y CONGELADOS,$ 17.500                          ,https://hipermarfish.com/public/images/productos/JSES082120200456_400.jpg,https://hipermarfish.com/market/productos/listos-y-congelados
Almeja en Concha Blanca 908 g X Paquete x 1 kg ,ALMEJAS Y MEJILLONES,$ 20.000                          ,https://hipermarfish.com/public/images/productos/BPKM052520230955_400.jpg,https://hipermarfish.com/market/productos/almejas-y-mejillones
Almeja en Concha Blanca 454 g X Paquete x 454 g ,ALMEJAS Y MEJILLONES,$ 17.900                          ,https://hipermarfish.com/public/images/productos/EZHM052520230956_400.jpg,https://hipermarfish.com/market/productos/almejas-y-mejillones
Almeja Criolla 500 g X Unidad x 500 g ,ALMEJAS Y MEJILLONES,$ 10.000                          ,https://hipermarfish.com/public/images/productos/FZRP052620230455_400.jpg,https://hipermarfish.com/market/productos/almejas-y-mejillones
Almeja en Concha Negra 500 g X Unidad x 500 g ,ALMEJAS Y MEJILLONES,$ 2.300                          ,https://hipermarfish.com/public/images/productos/QXTH052620230515_400.jpg,https://hipermarfish.com/market/productos/almejas-y-mejillones
Mejillones Negros 454 g X Unidad x 454 g ,ALMEJAS Y MEJILLONES,$ 9.800                          ,https://hipermarfish.com/public/images/productos/WEIE052620230517_400.jpg,https://hipermarfish.com/market/productos/almejas-y-mejillones
Mejillones Limpios 500 g X Unidad x 500 g ,ALMEJAS Y MEJILLONES,$ 18.500                          ,https://hipermarfish.com/public/images/productos/GTJT101520200101_400.jpg,https://hipermarfish.com/market/productos/almejas-y-mejillones
Mejillones Verdes 907 g X Paquete x 907 g ,ALMEJAS Y MEJILLONES,$ 67.000                          ,https://hipermarfish.com/public/images/productos/PXOR102620230400_400.jpg,https://hipermarfish.com/market/productos/almejas-y-mejillones
Mejillones Verdes 500 g X Paquete x 500 g ,ALMEJAS Y MEJILLONES,$ 37.000                          ,https://hipermarfish.com/public/images/productos/VNYI021020220357_400.jpg,https://hipermarfish.com/market/productos/almejas-y-mejillones
Vieiras / Concha de Abanico 500 g X Paquete x 500 g ,ALMEJAS Y MEJILLONES,$ 24.500                          ,https://hipermarfish.com/public/images/productos/OJMW100720210347_400.jpg,https://hipermarfish.com/market/productos/almejas-y-mejillones
Caracol Copey x 500 g X Paquete x 1 u ,ALMEJAS Y MEJILLONES,$ 13.500                          ,https://hipermarfish.com/public/images/productos/VDLI052620230456_400.jpg,https://hipermarfish.com/market/productos/almejas-y-mejillones
Camarón 51/60 Crudo PYD x 2 kg X Unidad x 2 kg ,CAMARONES Y LANGOSTINOS,$ 90.000                          ,https://hipermarfish.com/public/images/productos/RCQT081520230416_400.jpg,https://hipermarfish.com/market/productos/camarones-y-langostinos
Camarón Tigre Fresco Cocido X Kilogramo ,CAMARONES Y LANGOSTINOS,$ 56.000                          ,https://hipermarfish.com/public/images/productos/OJGW111020221017_400.jpg,https://hipermarfish.com/market/productos/camarones-y-langostinos
Camarón Mediano Cocido 1 kg X Unidad x 1 kg ,CAMARONES Y LANGOSTINOS,$ 46.000                          ,https://hipermarfish.com/public/images/productos/YCEV102620230441_400.jpg,https://hipermarfish.com/market/productos/camarones-y-langostinos
Camarón Mediano Cocido 500 g X Unidad x 500 g ,CAMARONES Y LANGOSTINOS,$ 24.000                          ,https://hipermarfish.com/public/images/productos/XTOL102620230436_400.jpg,https://hipermarfish.com/market/productos/camarones-y-langostinos
Camarón Tigre Fresco Crudo X Kilogramo ,CAMARONES Y LANGOSTINOS,$ 55.000                          ,https://hipermarfish.com/public/images/productos/AIUD111520220302_400.jpg,https://hipermarfish.com/market/productos/camarones-y-langostinos
Camarón Tigre Granel Congelado Crudo X Kilogramo ,CAMARONES Y LANGOSTINOS,$ 49.000                          ,https://hipermarfish.com/public/images/productos/KSBZ111520220912_400.jpg,https://hipermarfish.com/market/productos/camarones-y-langostinos
Coctel de Camarones x 1 Und X Unidad ,CAMARONES Y LANGOSTINOS,$ 22.100                          ,https://hipermarfish.com/public/images/productos/DIEG031720220824_400.jpg,https://hipermarfish.com/market/productos/camarones-y-langostinos
Camarón Tigre Crudo 1 Kg X Paquete x 1 kg ,CAMARONES Y LANGOSTINOS,$ 47.000                          ,https://hipermarfish.com/public/images/productos/BHWV102620230418_400.jpg,https://hipermarfish.com/market/productos/camarones-y-langostinos
Camarón Tigre Crudo 500 g X Paquete x 500 g ,CAMARONES Y LANGOSTINOS,$ 25.000                          ,https://hipermarfish.com/public/images/productos/GZKT102620230433_400.jpg,https://hipermarfish.com/market/productos/camarones-y-langostinos
Camarón Tigre Crudo 250 g X Paquete x 250 g ,CAMARONES Y LANGOSTINOS,$ 13.500                          ,https://hipermarfish.com/public/images/productos/HHRA052520231000_400.jpg,https://hipermarfish.com/market/productos/camarones-y-langostinos
Camarón Tigre 41/50 1 Kg X Paquete x 1 kg ,CAMARONES Y LANGOSTINOS,$ 48.000                          ,https://hipermarfish.com/public/images/productos/XFOP083120190233_400.jpg,https://hipermarfish.com/market/productos/camarones-y-langostinos
Camarón Tigre 41/50 500 g X Paquete x 500 g ,CAMARONES Y LANGOSTINOS,$ 25.000                          ,https://hipermarfish.com/public/images/productos/BZGB060520210405_400.jpg,https://hipermarfish.com/market/productos/camarones-y-langostinos
Camarón Tigre 41/50 Cocido 250 g X Paquete x 250 g ,CAMARONES Y LANGOSTINOS,$ 13.500                          ,https://hipermarfish.com/public/images/productos/TCKQ111420220324_400.jpg,https://hipermarfish.com/market/productos/camarones-y-langostinos
Camarón 26/30 Cocido 250 g X Paquete x 250 g ,CAMARONES Y LANGOSTINOS,$ 16.000                          ,https://hipermarfish.com/public/images/productos/FFOF052520231000_400.jpg,https://hipermarfish.com/market/productos/camarones-y-langostinos
Camarón 26/30 Cocido 500 g X Paquete x 500 g ,CAMARONES Y LANGOSTINOS,$ 31.500                          ,https://hipermarfish.com/public/images/productos/GATB052920200722_400.jpg,https://hipermarfish.com/market/productos/camarones-y-langostinos
Camarón 26/30 Cocido 1 Kg X Paquete x 1 kg ,CAMARONES Y LANGOSTINOS,$ 60.900                          ,https://hipermarfish.com/public/images/productos/TUXN020820200900_400.jpg,https://hipermarfish.com/market/productos/camarones-y-langostinos
Camarón 26/30 Cocido con Cola 1 Kg X Paquete x 1 kg ,CAMARONES Y LANGOSTINOS,$ 68.000                          ,https://hipermarfish.com/public/images/productos/QKHL051520200914_400.jpg,https://hipermarfish.com/market/productos/camarones-y-langostinos
Camarón 91/110 Cocido 250 g X Paquete x 250 g ,CAMARONES Y LANGOSTINOS,$ 12.500                          ,https://hipermarfish.com/public/images/productos/RJRB052520230956_400.jpg,https://hipermarfish.com/market/productos/camarones-y-langostinos
Camarón 91/110 Cocido 500 g X Paquete x 500 g ,CAMARONES Y LANGOSTINOS,$ 22.100                          ,https://hipermarfish.com/public/images/productos/BJAB082120200501_400.jpg,https://hipermarfish.com/market/productos/camarones-y-langostinos
Camarón 91/110 Cocido 1 Kg X Paquete x 1 kg ,CAMARONES Y LANGOSTINOS,$ 43.000                          ,https://hipermarfish.com/public/images/productos/TSAZ082120200500_400.jpg,https://hipermarfish.com/market/productos/camarones-y-langostinos
Camarón Jumbo Fresco X Kilogramo ,CAMARONES Y LANGOSTINOS,$ 68.000                          ,https://hipermarfish.com/public/images/productos/UKNW082720190222_400.jpg,https://hipermarfish.com/market/productos/camarones-y-langostinos
Camarones y Salsa Coctel Ring 454 g X Unidad x 454 g ,CAMARONES Y LANGOSTINOS,$ 29.400                          ,https://hipermarfish.com/public/images/productos/LGMI082720190609_400.jpg,https://hipermarfish.com/market/productos/camarones-y-langostinos
Pincho de Camarón x 2 Und X Paquete x 2 u ,CAMARONES Y LANGOSTINOS,$ 11.000                          ,https://hipermarfish.com/public/images/productos/PHSC020820200907_400.jpg,https://hipermarfish.com/market/productos/camarones-y-langostinos
Langostino en Cascara Fresco X Kilogramo ,CAMARONES Y LANGOSTINOS,$ 80.000                          ,https://hipermarfish.com/public/images/productos/BZWG111620220427_400.jpg,https://hipermarfish.com/market/productos/camarones-y-langostinos
Langostino U12 454 g X Unidad x 454 g ,CAMARONES Y LANGOSTINOS,$ 38.000                          ,https://hipermarfish.com/public/images/productos/VPGR071620200459_400.jpg,https://hipermarfish.com/market/productos/camarones-y-langostinos
Langostino U15 454 g X Unidad x 454 g ,CAMARONES Y LANGOSTINOS,$ 36.000                          ,https://hipermarfish.com/public/images/productos/IHLP061320200837_400.jpg,https://hipermarfish.com/market/productos/camarones-y-langostinos
Langostino 16/20 con Cáscara 454 g X Unidad x 454 g ,CAMARONES Y LANGOSTINOS,$ 32.000                          ,https://hipermarfish.com/public/images/productos/KIOM071620200500_400.jpg,https://hipermarfish.com/market/productos/camarones-y-langostinos
Langostino 16/20 Pelado y Desvenado 1 Kg X Paquete x 1 kg ,CAMARONES Y LANGOSTINOS,$ 71.400                          ,https://hipermarfish.com/public/images/productos/ICQM102620230430_400.jpg,https://hipermarfish.com/market/productos/camarones-y-langostinos
Langostino 16/20 Pelado y Desvenado 500 g X Paquete x 500 g ,CAMARONES Y LANGOSTINOS,$ 37.800                          ,https://hipermarfish.com/public/images/productos/QFXU091220230414_400.jpg,https://hipermarfish.com/market/productos/camarones-y-langostinos
Langostino 26/30 Pelado y Desvenado 1 Kg X Paquete x 1 kg ,CAMARONES Y LANGOSTINOS,$ 56.700                          ,https://hipermarfish.com/public/images/productos/DGDH102620230432_400.jpg,https://hipermarfish.com/market/productos/camarones-y-langostinos
Langostino 26/30 Pelado y Desvenado 500 g X Paquete x 500 g ,CAMARONES Y LANGOSTINOS,$ 29.400                          ,https://hipermarfish.com/public/images/productos/VIJE102620230435_400.jpg,https://hipermarfish.com/market/productos/camarones-y-langostinos
Gambas 908 g X Unidad x 908 g ,CAMARONES Y LANGOSTINOS,$ 96.000                          ,https://hipermarfish.com/public/images/productos/FHKL081020230433_400.jpg,https://hipermarfish.com/market/productos/camarones-y-langostinos
Gambas X Kilogramo ,CAMARONES Y LANGOSTINOS,$ 99.700                          ,https://hipermarfish.com/public/images/productos/KKJY083120191215_400.jpg,https://hipermarfish.com/market/productos/camarones-y-langostinos
Carpaccio de Pulpo 144 g X Paquete x 144 g ,CALAMARES Y PULPOS,$ 21.900                          ,https://hipermarfish.com/public/images/productos/KAHA081020230308_400.jpg,https://hipermarfish.com/market/productos/calamares-y-pulpos
Calamar Morado 5 lb X Unidad x 5 lb ,CALAMARES Y PULPOS,$ 99.000                          ,https://hipermarfish.com/public/images/productos/UGNE052620230452_400.jpg,https://hipermarfish.com/market/productos/calamares-y-pulpos
Calamar Morado 454 g X Paquete x 454 g ,CALAMARES Y PULPOS,$ 19.000                          ,https://hipermarfish.com/public/images/productos/YRIU052620230458_400.jpg,https://hipermarfish.com/market/productos/calamares-y-pulpos
Anillos de Calamar Granel X Kilogramo ,CALAMARES Y PULPOS,$ 40.000                          ,https://hipermarfish.com/public/images/productos/OGDA111620220515_400.jpg,https://hipermarfish.com/market/productos/calamares-y-pulpos
Anillos de Calamar 1 Kg X Paquete x 1 kg ,CALAMARES Y PULPOS,$ 38.900                          ,https://hipermarfish.com/public/images/productos/ZOCT052520231001_400.jpg,https://hipermarfish.com/market/productos/calamares-y-pulpos
Anillos de Calamar 500 g X Paquete x 500 g ,CALAMARES Y PULPOS,$ 20.000                          ,https://hipermarfish.com/public/images/productos/UCRS052520231002_400.jpg,https://hipermarfish.com/market/productos/calamares-y-pulpos
Calamar  Blanco en Trozos 500 g X Paquete x 500 g ,CALAMARES Y PULPOS,$ 7.900                          ,https://hipermarfish.com/public/images/productos/WGRI020820200942_400.jpg,https://hipermarfish.com/market/productos/calamares-y-pulpos
Calamar Tubo Limpio Hipermar 1 Kg X Unidad x 1 kg ,CALAMARES Y PULPOS,$ 57.000                          ,https://hipermarfish.com/public/images/productos/YPTI082720190219_400.jpg,https://hipermarfish.com/market/productos/calamares-y-pulpos
"Calamar Tubo y Tentáculos 1135 g X Unidad x 1,135 g ",CALAMARES Y PULPOS,$ 59.000                          ,https://hipermarfish.com/public/images/productos/LVUT021020220409_400.jpg,https://hipermarfish.com/market/productos/calamares-y-pulpos
Calamar Sepia Grande X Kilogramo ,CALAMARES Y PULPOS,$ 56.000                          ,https://hipermarfish.com/public/images/productos/DIWH083020231242_400.jpg,https://hipermarfish.com/market/productos/calamares-y-pulpos
Calamar Sepia 500 g X Paquete x 500 g ,CALAMARES Y PULPOS,$ 27.500                          ,https://hipermarfish.com/public/images/productos/JZJD052620230459_400.jpg,https://hipermarfish.com/market/productos/calamares-y-pulpos
Tentáculos de Calamar 500 g X Paquete x 500 g ,CALAMARES Y PULPOS,$ 10.900                          ,https://hipermarfish.com/public/images/productos/UYOR020820200940_400.jpg,https://hipermarfish.com/market/productos/calamares-y-pulpos
Pulpo Español 2/4 X Kilogramo ,CALAMARES Y PULPOS,$ 87.000                          ,https://hipermarfish.com/public/images/productos/AFEH102320200911_400.jpg,https://hipermarfish.com/market/productos/calamares-y-pulpos
Pulpo Mexicano X Kilogramo ,CALAMARES Y PULPOS,$ 87.000                          ,https://hipermarfish.com/public/images/productos/VYWK051120200530_400.jpg,https://hipermarfish.com/market/productos/calamares-y-pulpos
Pulpo Baby 250 g X Unidad ,CALAMARES Y PULPOS,$ 15.000                          ,https://hipermarfish.com/public/images/productos/NAOX052620230457_400.jpg,https://hipermarfish.com/market/productos/calamares-y-pulpos
Pulpo Baby 1 Kg X Paquete x 1 kg ,CALAMARES Y PULPOS,$ 52.000                          ,https://hipermarfish.com/public/images/productos/BJKV041420210446_400.jpg,https://hipermarfish.com/market/productos/calamares-y-pulpos
Langosta Bogavante X Kilogramo ,LANGOSTAS Y MUELAS,$ 173.000                          ,https://hipermarfish.com/public/images/productos/JMPD083120191208_400.jpg,https://hipermarfish.com/market/productos/langostas-y-muelas
Carne de Cola de Langosta 454 g X Unidad x 454 g ,LANGOSTAS Y MUELAS,$ 63.000                          ,https://hipermarfish.com/public/images/productos/ADGZ052520231002_400.jpg,https://hipermarfish.com/market/productos/langostas-y-muelas
Cola de Langosta X Kilogramo ,LANGOSTAS Y MUELAS,$ 225.000                          ,https://hipermarfish.com/public/images/productos/KFLS083120191211_400.jpg,https://hipermarfish.com/market/productos/langostas-y-muelas
Carne de Jaiba 500 g X Unidad x 500 g ,LANGOSTAS Y MUELAS,$ 25.000                          ,https://hipermarfish.com/public/images/productos/NXSF102920220605_400.jpg,https://hipermarfish.com/market/productos/langostas-y-muelas
Muelas Snow Crab 1 Kg X Kilogramo ,LANGOSTAS Y MUELAS,$ 160.000                          ,https://hipermarfish.com/public/images/productos/EQAG102820220426_400.jpg,https://hipermarfish.com/market/productos/langostas-y-muelas
Muelas de Cangrejo Stone Crab 454 g X Paquete x 454 g ,LANGOSTAS Y MUELAS,$ 26.000                          ,https://hipermarfish.com/public/images/productos/WBFL101520200318_400.jpg,https://hipermarfish.com/market/productos/langostas-y-muelas
Muelas de Cangrejo Alaska King X Kilogramo ,LANGOSTAS Y MUELAS,$ 450.000                          ,https://hipermarfish.com/public/images/productos/DIUV020820200949_400.jpg,https://hipermarfish.com/market/productos/langostas-y-muelas
Muelas de Jaiba Jumbo x 200 g X Unidad x 200 g ,LANGOSTAS Y MUELAS,$ 12.000                          ,https://hipermarfish.com/public/images/productos/LPVE072420231002_400.jpg,https://hipermarfish.com/market/productos/langostas-y-muelas
Carne de Cangrejo Limpia 454 g X Unidad x 454 g ,LANGOSTAS Y MUELAS,$ 47.000                          ,https://hipermarfish.com/public/images/productos/REEN121920220814_400.jpg,https://hipermarfish.com/market/productos/langostas-y-muelas
Muelas de Jaibas Limpias 340 g X Unidad x 340 g ,LANGOSTAS Y MUELAS,$ 35.000                          ,https://hipermarfish.com/public/images/productos/QKHT121920220813_400.jpg,https://hipermarfish.com/market/productos/langostas-y-muelas
Mixtura de Mariscos 1 Kg X Paquete x 1 kg ,OTROS MARISCOS,$ 28.000                          ,https://hipermarfish.com/public/images/productos/KPTA083120190224_400.jpg,https://hipermarfish.com/market/productos/otros-mariscos
Mixtura de Mariscos 454 g X Paquete x 454 g ,OTROS MARISCOS,$ 15.500                          ,https://hipermarfish.com/public/images/productos/AZRH042220220150_400.jpg,https://hipermarfish.com/market/productos/otros-mariscos
Abalone x Unidad X Unidad ,OTROS MARISCOS,$ 10.000                          ,https://hipermarfish.com/public/images/productos/TGPU031720220829_400.jpg,https://hipermarfish.com/market/productos/otros-mariscos
Scallops 10/20 400 g X Paquete x 400 g ,OTROS MARISCOS,$ 92.000                          ,https://hipermarfish.com/public/images/productos/ZXRH042120200128_400.jpg,https://hipermarfish.com/market/productos/otros-mariscos
Scallops 80/100 x 400 g X Paquete x 400 g ,OTROS MARISCOS,$ 40.000                          ,https://hipermarfish.com/public/images/productos/B5A3052_400.jpg,https://hipermarfish.com/market/productos/otros-mariscos
Naruto Maki 150 g X Unidad x 150 g ,PALMITOS,$ 21.000                          ,https://hipermarfish.com/public/images/productos/JXXF071820230317_400.jpg,https://hipermarfish.com/market/productos/palmitos
Palmitos Sueltos x Unidad X Unidad ,PALMITOS,$ 600                          ,https://hipermarfish.com/public/images/productos/WSRT081520230410_400.jpg,https://hipermarfish.com/market/productos/palmitos
Palmitos de Cangrejo 1 Kg X Paquete x 1 kg ,PALMITOS,$ 16.800                          ,https://hipermarfish.com/public/images/productos/SPNR031720220832_400.jpg,https://hipermarfish.com/market/productos/palmitos
Palmitos de Cangrejo  454 g X Paquete x 454 g ,PALMITOS,$ 8.700                          ,https://hipermarfish.com/public/images/productos/ZBTF052620230507_400.jpg,https://hipermarfish.com/market/productos/palmitos
Palmito Kanikama FantaSea 500 g X Unidad x 500 g ,PALMITOS,$ 25.100                          ,https://hipermarfish.com/public/images/productos/NVCS052620230506_400.jpg,https://hipermarfish.com/market/productos/palmitos
Palmitos Estilo Pata de Cangrejo 500 g X Paquete x 500 g ,PALMITOS,$ 29.000                          ,https://hipermarfish.com/public/images/productos/QYRR052620230507_400.jpg,https://hipermarfish.com/market/productos/palmitos
Palmito Desmechado 1 Kg X Unidad x 1 kg ,PALMITOS,$ 49.200                          ,https://hipermarfish.com/public/images/productos/AJOX020820200955_400.jpg,https://hipermarfish.com/market/productos/palmitos
Palmito Rebanado 270 g X Unidad x 270 g ,PALMITOS,$ 5.000                          ,https://hipermarfish.com/public/images/productos/PZYD052620230512_400.jpg,https://hipermarfish.com/market/productos/palmitos
