0,nombres_productos,precios,categoria,imagenes
https://hipermarfish.com/market/productos/pesca-del-dia,Lenguado Entero X Kilogramo ,$ 18.000                          ,PESCA DEL DIA,https://hipermarfish.com/public/images/productos/WCTT111520220825_400.jpg
https://hipermarfish.com/market/productos/pesca-del-dia,Cabeza de Salmón X Kilogramo ,$ 5.000                          ,PESCA DEL DIA,https://hipermarfish.com/public/images/productos/MNRN071420220250_400.jpg
https://hipermarfish.com/market/productos/pesca-del-dia,Salmón Noruego Entero X Kilogramo ,$ 63.000                          ,PESCA DEL DIA,https://hipermarfish.com/public/images/productos/QMRF032620220215_400.jpg
https://hipermarfish.com/market/productos/pesca-del-dia,Bagre Rayado Entero X Kilogramo ,$ 26.000                          ,PESCA DEL DIA,https://hipermarfish.com/public/images/productos/ZWGY042320210314_400.jpg
https://hipermarfish.com/market/productos/pesca-del-dia,Cherna Entera X Kilogramo ,$ 35.000                          ,PESCA DEL DIA,https://hipermarfish.com/public/images/productos/OMXG071620200507_400.jpg
https://hipermarfish.com/market/productos/pesca-del-dia,Filete de Cherna Fresca X Kilogramo ,$ 70.000                          ,PESCA DEL DIA,https://hipermarfish.com/public/images/productos/ETBB101520200319_400.jpg
https://hipermarfish.com/market/productos/pesca-del-dia,Róbalo Entero Fresco X Kilogramo ,$ 49.000                          ,PESCA DEL DIA,https://hipermarfish.com/public/images/productos/B5A3533_400.jpg
https://hipermarfish.com/market/productos/pesca-del-dia,Atún / Tuna Steak Fresco X Kilogramo ,$ 65.000                          ,PESCA DEL DIA,https://hipermarfish.com/public/images/productos/B5A3519_400.jpg
https://hipermarfish.com/market/productos/pesca-del-dia,Corvina Fresca Entera X Kilogramo ,$ 40.000                          ,PESCA DEL DIA,https://hipermarfish.com/public/images/productos/TDJR071620200454_400.jpg
https://hipermarfish.com/market/productos/pesca-del-dia,Mero Fresco Entero X Kilogramo ,$ 35.000                          ,PESCA DEL DIA,https://hipermarfish.com/public/images/productos/EFYN071620200455_400.jpg
https://hipermarfish.com/market/productos/pesca-del-dia,Pargo Rojo Fresco Entero X Kilogramo ,$ 45.000                          ,PESCA DEL DIA,https://hipermarfish.com/public/images/productos/YBSL083120190425_400.jpg
https://hipermarfish.com/market/productos/pesca-del-dia,Filete de Corvina Fresca X Kilogramo ,$ 80.000                          ,PESCA DEL DIA,https://hipermarfish.com/public/images/productos/APCS041420200436_400.jpg
https://hipermarfish.com/market/productos/pesca-del-dia,Filete de Tilapia Fresca Nacional X Kilogramo ,$ 28.400                          ,PESCA DEL DIA,https://hipermarfish.com/public/images/productos/VSPD042420200359_400.jpg
https://hipermarfish.com/market/productos/pesca-del-dia,Filete de Mero Fresco X Kilogramo ,$ 70.000                          ,PESCA DEL DIA,https://hipermarfish.com/public/images/productos/BPVW040820220654_400.jpg
https://hipermarfish.com/market/productos/pesca-del-dia,Filete de Pargo Fresco X Kilogramo ,$ 60.000                          ,PESCA DEL DIA,https://hipermarfish.com/public/images/productos/HOOI040720220951_400.jpg
https://hipermarfish.com/market/productos/filetes-y-lomos,Filete de Salmón Noruego Fresco X Kilogramo ,$ 85.000                          ,FILETES Y LOMOS,https://hipermarfish.com/public/images/productos/DFHW020120200827_400.jpg
https://hipermarfish.com/market/productos/filetes-y-lomos,Lomo de Salmón Noruego X Kilogramo ,$ 95.000                          ,FILETES Y LOMOS,https://hipermarfish.com/public/images/productos/B5A3098_400.jpg
https://hipermarfish.com/market/productos/filetes-y-lomos,Filete de Salmón Steak Noruego X Kilogramo ,$ 95.000                          ,FILETES Y LOMOS,https://hipermarfish.com/public/images/productos/PNVH060920220748_400.jpg
https://hipermarfish.com/market/productos/filetes-y-lomos,Salmón Poke X Paquete x 500 g ,$ 20.000                          ,FILETES Y LOMOS,https://hipermarfish.com/public/images/productos/PBGF110420210346_400.jpg
https://hipermarfish.com/market/productos/filetes-y-lomos,Filete de Salmón Chileno Congelado X Kilogramo ,$ 75.000                          ,FILETES Y LOMOS,https://hipermarfish.com/public/images/productos/OINH082120200502_400.jpg
https://hipermarfish.com/market/productos/filetes-y-lomos,Filete de Basa X Paquete x 1 kg ,$ 19.700                          ,FILETES Y LOMOS,https://hipermarfish.com/public/images/productos/NXRS042220220200_400.jpg
https://hipermarfish.com/market/productos/filetes-y-lomos,Filete de Hamachi X Kilogramo ,$ 168.000                          ,FILETES Y LOMOS,https://hipermarfish.com/public/images/productos/OPNE081220220143_400.jpg
https://hipermarfish.com/market/productos/filetes-y-lomos,Filete de Salmón Silvestre X Kilogramo ,$ 64.000                          ,FILETES Y LOMOS,https://hipermarfish.com/public/images/productos/ATWN111420220528_400.jpg
https://hipermarfish.com/market/productos/filetes-y-lomos,Filete de Róbalo Fresco X Kilogramo ,$ 54.000                          ,FILETES Y LOMOS,https://hipermarfish.com/public/images/productos/WRAK111520220334_400.jpg
https://hipermarfish.com/market/productos/filetes-y-lomos,Pescado Salado 1 Kg X Paquete x 1 kg ,$ 46.000                          ,FILETES Y LOMOS,https://hipermarfish.com/public/images/productos/FUWN121020210332_400.jpg
https://hipermarfish.com/market/productos/filetes-y-lomos,Filete de Pargo X Kilogramo ,$ 60.000                          ,FILETES Y LOMOS,https://hipermarfish.com/public/images/productos/FWEW040720220945_400.jpg
https://hipermarfish.com/market/productos/filetes-y-lomos,Anguila / Unagui Kabayaki X Kilogramo ,$ 104.000                          ,FILETES Y LOMOS,https://hipermarfish.com/public/images/productos/MECO020520210812_400.jpg
https://hipermarfish.com/market/productos/filetes-y-lomos,Salmón Ahumado Atlantic 113 g X Unidad x 113 g ,$ 16.200                          ,FILETES Y LOMOS,https://hipermarfish.com/public/images/productos/RTZY041420210259_400.jpg
https://hipermarfish.com/market/productos/filetes-y-lomos,Salmón Ahumado/Acme 340 g X Unidad x 340 g ,$ 48.400                          ,FILETES Y LOMOS,https://hipermarfish.com/public/images/productos/B5A3091_400.jpg
https://hipermarfish.com/market/productos/filetes-y-lomos,Salmón Ahumado/Acme 454 g X Unidad x 454 g ,$ 88.900                          ,FILETES Y LOMOS,https://hipermarfish.com/public/images/productos/B5A3093_400.jpg
https://hipermarfish.com/market/productos/filetes-y-lomos,Filete de Bagre X Kilogramo ,$ 17.900                          ,FILETES Y LOMOS,https://hipermarfish.com/public/images/productos/HPGB050620200843_400.jpg
https://hipermarfish.com/market/productos/filetes-y-lomos,Filete de Tilapia 3/5 en Paquete X Paquete x 1 kg ,$ 26.900                          ,FILETES Y LOMOS,https://hipermarfish.com/public/images/productos/LXNM011420210313_400.jpg
https://hipermarfish.com/market/productos/filetes-y-lomos,Filete de Tilapia 5/7 a Granel X Kilogramo ,$ 26.900                          ,FILETES Y LOMOS,https://hipermarfish.com/public/images/productos/QHLL022820221039_400.jpg
https://hipermarfish.com/market/productos/filetes-y-lomos,Filete de Tilapia 7/9 a Granel X Kilogramo ,$ 26.900                          ,FILETES Y LOMOS,https://hipermarfish.com/public/images/productos/B5A3499_400.jpg
https://hipermarfish.com/market/productos/filetes-y-lomos,Filete de Tilapia 9/11 a Granel X Kilogramo ,$ 28.000                          ,FILETES Y LOMOS,https://hipermarfish.com/public/images/productos/KANW091020200354_400.jpg
https://hipermarfish.com/market/productos/filetes-y-lomos,Filete Blanco X Kilogramo ,$ 22.000                          ,FILETES Y LOMOS,https://hipermarfish.com/public/images/productos/FFVG020820200945_400.jpg
https://hipermarfish.com/market/productos/filetes-y-lomos,Filete de Orange 454 g X Paquete x 454 g ,$ 46.400                          ,FILETES Y LOMOS,https://hipermarfish.com/public/images/productos/CEMA112620200352_400.jpg
https://hipermarfish.com/market/productos/filetes-y-lomos,Filete de Lenguado X Kilogramo ,$ 83.000                          ,FILETES Y LOMOS,https://hipermarfish.com/public/images/productos/B5A3496_400.jpg
https://hipermarfish.com/market/productos/filetes-y-lomos,Filete de Róbalo Nacional X Kilogramo ,$ 55.000                          ,FILETES Y LOMOS,https://hipermarfish.com/public/images/productos/B5A3524_400.jpg
https://hipermarfish.com/market/productos/filetes-y-lomos,Lomito de Róbalo 600 g X Paquete x 600 g ,$ 9.200                          ,FILETES Y LOMOS,https://hipermarfish.com/public/images/productos/B5A3477_400.jpg
https://hipermarfish.com/market/productos/filetes-y-lomos,Atún / Tuna Lomo X Kilogramo ,$ 58.000                          ,FILETES Y LOMOS,https://hipermarfish.com/public/images/productos/HCDF020820200950_400.jpg
https://hipermarfish.com/market/productos/filetes-y-lomos,Atún / Tuna Steak Grande X Kilogramo ,$ 63.000                          ,FILETES Y LOMOS,https://hipermarfish.com/public/images/productos/B5A3512_400.jpg
https://hipermarfish.com/market/productos/filetes-y-lomos,Atún en Trozos X Unidad x 500 g ,$ 30.000                          ,FILETES Y LOMOS,https://hipermarfish.com/public/images/productos/FQJC112320220857_400.jpg
https://hipermarfish.com/market/productos/filetes-y-lomos,Trucha Deshuesada X Kilogramo ,$ 20.200                          ,FILETES Y LOMOS,https://hipermarfish.com/public/images/productos/LBFK122820190328_400.jpg
https://hipermarfish.com/market/productos/filetes-y-lomos,Filete en Trozos X Kilogramo ,$ 18.000                          ,FILETES Y LOMOS,https://hipermarfish.com/public/images/productos/B5A3515_400.jpg
https://hipermarfish.com/market/productos/filetes-y-lomos,Carpaccio de Salmón 160 g X Unidad x 160 g ,$ 16.500                          ,FILETES Y LOMOS,https://hipermarfish.com/public/images/productos/TFBQ110420210347_400.jpg
https://hipermarfish.com/market/productos/accesorios-y-utensilios,Maletín Térmico Hipermar X Unidad ,$ 140.000                          ,ACCESORIOS Y UTENSILIOS,https://hipermarfish.com/public/images/productos/SGBQ033120220743_400.jpg
https://hipermarfish.com/market/productos/accesorios-y-utensilios,Bolsa Térmica X Unidad ,$ 80.000                          ,ACCESORIOS Y UTENSILIOS,https://hipermarfish.com/public/images/productos/ZHAM011820220931_400.jpg
https://hipermarfish.com/market/productos/accesorios-y-utensilios,Esterilla Profesional X Unidad ,$ 250.000                          ,ACCESORIOS Y UTENSILIOS,https://hipermarfish.com/public/images/productos/OOBT031720220827_400.jpg
https://hipermarfish.com/market/productos/accesorios-y-utensilios,Esterilla X Unidad ,$ 4.100                          ,ACCESORIOS Y UTENSILIOS,https://hipermarfish.com/public/images/productos/MZZY020820200850_400.jpg
https://hipermarfish.com/market/productos/accesorios-y-utensilios,Piedra de Afilar Japonesa X Unidad ,$ 200.000                          ,ACCESORIOS Y UTENSILIOS,https://hipermarfish.com/public/images/productos/WYAS020220220149_400.jpg
https://hipermarfish.com/market/productos/accesorios-y-utensilios,Barco para Sushi 70x25 X Unidad ,$ 209.500                          ,ACCESORIOS Y UTENSILIOS,https://hipermarfish.com/public/images/productos/RHFB052820201107_400.jpg
https://hipermarfish.com/market/productos/accesorios-y-utensilios,Barco para Sushi 90x32 X Unidad ,$ 240.900                          ,ACCESORIOS Y UTENSILIOS,https://hipermarfish.com/public/images/productos/B5A3019_400.jpg
https://hipermarfish.com/market/productos/accesorios-y-utensilios,Puente para Sushi 60x25x13 X Unidad ,$ 159.500                          ,ACCESORIOS Y UTENSILIOS,https://hipermarfish.com/public/images/productos/B5A3013_400.jpg
https://hipermarfish.com/market/productos/accesorios-y-utensilios,Puente para Sushi 43x22x12 X Unidad ,$ 134.800                          ,ACCESORIOS Y UTENSILIOS,https://hipermarfish.com/public/images/productos/B5A3013_400.jpg
https://hipermarfish.com/market/productos/accesorios-y-utensilios,Vaporera 12x12 X Unidad ,$ 63.900                          ,ACCESORIOS Y UTENSILIOS,https://hipermarfish.com/public/images/productos/GKSS121920191003_400.jpg
https://hipermarfish.com/market/productos/accesorios-y-utensilios,Vaporera 10x10 X Unidad ,$ 55.500                          ,ACCESORIOS Y UTENSILIOS,https://hipermarfish.com/public/images/productos/XKKW121920191002_400.jpg
https://hipermarfish.com/market/productos/accesorios-y-utensilios,Vaporera 8x8 X Unidad ,$ 49.500                          ,ACCESORIOS Y UTENSILIOS,https://hipermarfish.com/public/images/productos/ZYTC121920191000_400.jpg
https://hipermarfish.com/market/productos/accesorios-y-utensilios,Vaporera 6x6 X Unidad ,$ 45.700                          ,ACCESORIOS Y UTENSILIOS,https://hipermarfish.com/public/images/productos/PXDI121920190946_400.jpg
https://hipermarfish.com/market/productos/accesorios-y-utensilios,Pinzas para Muelas X Unidad ,$ 13.500                          ,ACCESORIOS Y UTENSILIOS,https://hipermarfish.com/public/images/productos/B5A3204_400.jpg
https://hipermarfish.com/market/productos/accesorios-y-utensilios,Escamador X Unidad ,$ 19.100                          ,ACCESORIOS Y UTENSILIOS,https://hipermarfish.com/public/images/productos/AZMT020820201008_400.jpg
https://hipermarfish.com/market/productos/accesorios-y-utensilios,Palitos Prémium x 100 Unidades X Unidad ,$ 12.000                          ,ACCESORIOS Y UTENSILIOS,https://hipermarfish.com/public/images/productos/RNAA112520200931_400.jpg
https://hipermarfish.com/market/productos/accesorios-y-utensilios,Paellera de 30 Platos X Unidad ,$ 114.500                          ,ACCESORIOS Y UTENSILIOS,https://hipermarfish.com/public/images/productos/B5A3186_400.jpg
https://hipermarfish.com/market/productos/accesorios-y-utensilios,Paellera de 25 Platos X Unidad ,$ 81.800                          ,ACCESORIOS Y UTENSILIOS,https://hipermarfish.com/public/images/productos/B5A3186_400.jpg
https://hipermarfish.com/market/productos/accesorios-y-utensilios,Paellera de 15 Platos X Unidad ,$ 60.000                          ,ACCESORIOS Y UTENSILIOS,https://hipermarfish.com/public/images/productos/LCIT082520200715_400.jpg
https://hipermarfish.com/market/productos/accesorios-y-utensilios,Paellera de 10 Platos X Unidad ,$ 50.000                          ,ACCESORIOS Y UTENSILIOS,https://hipermarfish.com/public/images/productos/HZNR082520200717_400.jpg
https://hipermarfish.com/market/productos/accesorios-y-utensilios,Paellera de 5 Platos X Unidad ,$ 40.000                          ,ACCESORIOS Y UTENSILIOS,https://hipermarfish.com/public/images/productos/OCFV082520200719_400.jpg
https://hipermarfish.com/market/productos/accesorios-y-utensilios,Paellera Personal X Unidad ,$ 19.600                          ,ACCESORIOS Y UTENSILIOS,https://hipermarfish.com/public/images/productos/B5A3186_400.jpg
https://hipermarfish.com/market/productos/accesorios-y-utensilios,"Cuchillo para Sushi 12"" X Unidad ",$ 139.100                          ,ACCESORIOS Y UTENSILIOS,https://hipermarfish.com/public/images/productos/B5A3184_400.jpg
https://hipermarfish.com/market/productos/accesorios-y-utensilios,"Cuchillo para Sushi 8"" X Unidad ",$ 120.200                          ,ACCESORIOS Y UTENSILIOS,https://hipermarfish.com/public/images/productos/B5A3184_400.jpg
https://hipermarfish.com/market/productos/arroces-y-harinas,Arroz para Sushi x 22.68 Kg X Unidad x 22.68 kg ,$ 270.000                          ,ARROCES Y HARINAS,https://hipermarfish.com/public/images/productos/EURH112720200214_400.jpg
https://hipermarfish.com/market/productos/arroces-y-harinas,Arroz para Sushi x 18.14 Kg (grano medio) X Unidad x 18.14 kg ,$ 228.000                          ,ARROCES Y HARINAS,https://hipermarfish.com/public/images/productos/B5A3539_400.jpg
https://hipermarfish.com/market/productos/arroces-y-harinas,Arroz para Sushi x 18.8 Kg (grano corto) X Unidad x 18.80 kg ,$ 170.000                          ,ARROCES Y HARINAS,https://hipermarfish.com/public/images/productos/PVCG062120220702_400.jpg
https://hipermarfish.com/market/productos/arroces-y-harinas,Arroz para Sushi California 2.26 Kg X Unidad x 2.26 kg ,$ 30.400                          ,ARROCES Y HARINAS,https://hipermarfish.com/public/images/productos/RXSK101520201223_400.jpg
https://hipermarfish.com/market/productos/arroces-y-harinas,Arroz para Sushi California 907 g X Unidad x 907 g ,$ 13.600                          ,ARROCES Y HARINAS,https://hipermarfish.com/public/images/productos/ZMBN101520201223_400.jpg
https://hipermarfish.com/market/productos/arroces-y-harinas,Arroz Jasmine x 22.27 Kg X Unidad x 22.27 kg ,$ 350.000                          ,ARROCES Y HARINAS,https://hipermarfish.com/public/images/productos/B5A3540_400.jpg
https://hipermarfish.com/market/productos/arroces-y-harinas,Arroz Jasmine 2.27 Kg X Unidad x 2.27 kg ,$ 37.400                          ,ARROCES Y HARINAS,https://hipermarfish.com/public/images/productos/LXTQ020820200842_400.jpg
https://hipermarfish.com/market/productos/arroces-y-harinas,Arroz Jazmín 44 lb X Unidad x 44 lb ,$ 215.000                          ,ARROCES Y HARINAS,https://hipermarfish.com/public/images/productos/ZDUJ080620220434_400.jpg
https://hipermarfish.com/market/productos/arroces-y-harinas,Arroz Integral Sunlee Jasmine x 2.27 Kg X Unidad x 2.27 kg ,$ 39.300                          ,ARROCES Y HARINAS,https://hipermarfish.com/public/images/productos/KUBQ121720190652_400.jpg
https://hipermarfish.com/market/productos/arroces-y-harinas,Arroz Dulce x 2.27 Kg X Unidad x 2.27 kg ,$ 34.000                          ,ARROCES Y HARINAS,https://hipermarfish.com/public/images/productos/B5A2914_400.jpg
https://hipermarfish.com/market/productos/arroces-y-harinas,Arroz Dulce en Bulto x 11.35 Kg X Unidad x 11.35 kg ,$ 158.000                          ,ARROCES Y HARINAS,https://hipermarfish.com/public/images/productos/NQBW062220210914_400.jpg
https://hipermarfish.com/market/productos/arroces-y-harinas,Arroz Pepa 1 Kg X Unidad x 1 kg ,$ 6.300                          ,ARROCES Y HARINAS,https://hipermarfish.com/public/images/productos/DEJW021020220508_400.jpg
https://hipermarfish.com/market/productos/arroces-y-harinas,Masago Arare 300 g X Unidad x 300 g ,$ 59.000                          ,ARROCES Y HARINAS,https://hipermarfish.com/public/images/productos/RIBC021020220400_400.jpg
https://hipermarfish.com/market/productos/arroces-y-harinas,Panko Blanco en Bulto 9.08 Kg X Paquete x 9.08 kg ,$ 152.000                          ,ARROCES Y HARINAS,https://hipermarfish.com/public/images/productos/YQRX121020210244_400.jpg
https://hipermarfish.com/market/productos/arroces-y-harinas,Panko 1 Kg X Paquete x 1 kg ,$ 18.000                          ,ARROCES Y HARINAS,https://hipermarfish.com/public/images/productos/JYIZ060820220247_400.jpg
https://hipermarfish.com/market/productos/arroces-y-harinas,Panko 500 g X Unidad x 500 g ,$ 9.900                          ,ARROCES Y HARINAS,https://hipermarfish.com/public/images/productos/CCCL060820220252_400.jpg
https://hipermarfish.com/market/productos/arroces-y-harinas,Tempura en Bulto X Unidad ,$ 211.000                          ,ARROCES Y HARINAS,https://hipermarfish.com/public/images/productos/YFWH042720200222_400.jpg
https://hipermarfish.com/market/productos/arroces-y-harinas,Tempura 1 Kg X Unidad x 1 kg ,$ 24.000                          ,ARROCES Y HARINAS,https://hipermarfish.com/public/images/productos/XFZP031720220833_400.jpg
https://hipermarfish.com/market/productos/arroces-y-harinas,Rice Paper Spring 500 g X Paquete x 500 g ,$ 13.300                          ,ARROCES Y HARINAS,https://hipermarfish.com/public/images/productos/EOXW080320221042_400.jpg
https://hipermarfish.com/market/productos/algas-y-deshidratados,Ajonjolí Negro Roland 454 g X Unidad x 454 g ,$ 49.800                          ,ALGAS Y DESHIDRATADOS,https://hipermarfish.com/public/images/productos/ZLEF021020220310_400.jpg
https://hipermarfish.com/market/productos/algas-y-deshidratados,Ajonjolí Negro x 1Kg X Unidad x 1 kg ,$ 33.600                          ,ALGAS Y DESHIDRATADOS,https://hipermarfish.com/public/images/productos/GJPE033020220427_400.jpg
https://hipermarfish.com/market/productos/algas-y-deshidratados,Ajonjolí Negro Tassya 500 g X Unidad x 500 g ,$ 27.200                          ,ALGAS Y DESHIDRATADOS,https://hipermarfish.com/public/images/productos/YOUO082420190354_400.jpg
https://hipermarfish.com/market/productos/algas-y-deshidratados,Ajonjolí Negro 226 g X Unidad x 226 g ,$ 30.200                          ,ALGAS Y DESHIDRATADOS,https://hipermarfish.com/public/images/productos/IQPV021020220311_400.jpg
https://hipermarfish.com/market/productos/algas-y-deshidratados,Ajonjolí Negro 117 g X Unidad x 117 g ,$ 24.300                          ,ALGAS Y DESHIDRATADOS,https://hipermarfish.com/public/images/productos/JNOK021020220311_400.jpg
https://hipermarfish.com/market/productos/algas-y-deshidratados,Ajonjolí Blanco 500 g X Unidad x 500 g ,$ 14.000                          ,ALGAS Y DESHIDRATADOS,https://hipermarfish.com/public/images/productos/UPQH111920220314_400.jpg
https://hipermarfish.com/market/productos/algas-y-deshidratados,Algas Golden x 50 Hojas X Paquete x 50 u ,$ 36.800                          ,ALGAS Y DESHIDRATADOS,https://hipermarfish.com/public/images/productos/XQCM021020220322_400.jpg
https://hipermarfish.com/market/productos/algas-y-deshidratados,Algas x 10 Hojas X Paquete x 10 u ,$ 11.100                          ,ALGAS Y DESHIDRATADOS,https://hipermarfish.com/public/images/productos/NMJT020820200852_400.jpg
https://hipermarfish.com/market/productos/algas-y-deshidratados,Algas Kombu Dashi 114 g X Paquete x 114 g ,$ 9.500                          ,ALGAS Y DESHIDRATADOS,https://hipermarfish.com/public/images/productos/TAKE021020220509_400.jpg
https://hipermarfish.com/market/productos/algas-y-deshidratados,Shiitake Hongos Pequeño 250 g X Paquete x 250 g ,$ 29.800                          ,ALGAS Y DESHIDRATADOS,https://hipermarfish.com/public/images/productos/SNKF102520221043_400.jpg
https://hipermarfish.com/market/productos/algas-y-deshidratados,Wakame 250  g X Unidad x 250 g ,$ 18.600                          ,ALGAS Y DESHIDRATADOS,https://hipermarfish.com/public/images/productos/TUTW121920191006_400.jpg
https://hipermarfish.com/market/productos/bebidas-y-licores,Licor Jinro Chamisul 360 ml X Botella x 360 ml ,$ 20.500                          ,BEBIDAS Y LICORES,https://hipermarfish.com/public/images/productos/DRSB062520220142_400.jpg
https://hipermarfish.com/market/productos/bebidas-y-licores,Cerveza Tsingtao Botella 640 ml X Botella x 640 ml ,$ 14.700                          ,BEBIDAS Y LICORES,https://hipermarfish.com/public/images/productos/LPAK110920200506_400.jpg
https://hipermarfish.com/market/productos/bebidas-y-licores,Cerveza Tsingtao Botella 330 ml X Botella x 330 ml ,$ 7.500                          ,BEBIDAS Y LICORES,https://hipermarfish.com/public/images/productos/XMKB062520210739_400.jpg
https://hipermarfish.com/market/productos/bebidas-y-licores,Vino Blanco Santa Rita 120 Sauvignon blanc (Chile) 750 ml X Botella x 750 ml ,$ 85.900                          ,BEBIDAS Y LICORES,https://hipermarfish.com/public/images/productos/SDIJ071120220817_400.jpg
https://hipermarfish.com/market/productos/bebidas-y-licores,Vino Blanco Undurraga Chardonnay de 750 ml X Botella x 750 ml ,$ 54.000                          ,BEBIDAS Y LICORES,https://hipermarfish.com/public/images/productos/ITTS020120210457_400.jpg
https://hipermarfish.com/market/productos/bebidas-y-licores,Vino Blanco Casillero del Diablo Sauvignon Blanc (Chile) 375 X Botella x 375 ml ,$ 35.100                          ,BEBIDAS Y LICORES,https://hipermarfish.com/public/images/productos/KQDI071620220358_400.jpg
https://hipermarfish.com/market/productos/bebidas-y-licores,Vino Tinto Undurraga de 375 ml X Botella x 375 ml ,$ 29.000                          ,BEBIDAS Y LICORES,https://hipermarfish.com/public/images/productos/MSLL020120210434_400.jpg
https://hipermarfish.com/market/productos/bebidas-y-licores,Sake Hana Lychee 375 ml X Botella x 375 ml ,$ 33.000                          ,BEBIDAS Y LICORES,https://hipermarfish.com/public/images/productos/B5A2818_400.jpg
https://hipermarfish.com/market/productos/bebidas-y-licores,Sake Hana Lychee 750 ml X Botella x 750 ml ,$ 57.800                          ,BEBIDAS Y LICORES,https://hipermarfish.com/public/images/productos/B5A2822_400.jpg
https://hipermarfish.com/market/productos/bebidas-y-licores,Sake Hana White Peach 375 ml X Botella x 375 ml ,$ 33.000                          ,BEBIDAS Y LICORES,https://hipermarfish.com/public/images/productos/B5A2831_400.jpg
https://hipermarfish.com/market/productos/bebidas-y-licores,Sake Hana Peach 750 ml X Botella x 750 ml ,$ 57.800                          ,BEBIDAS Y LICORES,https://hipermarfish.com/public/images/productos/B5A2829_400.jpg
https://hipermarfish.com/market/productos/bebidas-y-licores,Sho Chiku Bai 1.5 L X Botella x 1.50 lt ,$ 76.000                          ,BEBIDAS Y LICORES,https://hipermarfish.com/public/images/productos/NVRP020120200836_400.jpg
https://hipermarfish.com/market/productos/bebidas-y-licores,Sho Chiku Bai 750 ml X Botella x 750 ml ,$ 41.000                          ,BEBIDAS Y LICORES,https://hipermarfish.com/public/images/productos/B5A2828_400.jpg
https://hipermarfish.com/market/productos/bebidas-y-licores,Sho Chiku Bai 180 ml X Botella x 180 ml ,$ 14.000                          ,BEBIDAS Y LICORES,https://hipermarfish.com/public/images/productos/B5A2868_400.jpg
https://hipermarfish.com/market/productos/conservas-y-enlatados,Espadines Ahumados en Aceite 270 g X Unidad x 270 g ,$ 12.500                          ,CONSERVAS Y ENLATADOS,https://hipermarfish.com/public/images/productos/ODTO050620200829_400.jpg
https://hipermarfish.com/market/productos/conservas-y-enlatados,Espadines Ahumados en Aceite 240 g X Unidad x 240 g ,$ 9.500                          ,CONSERVAS Y ENLATADOS,https://hipermarfish.com/public/images/productos/ZPUB082720221024_400.jpg
https://hipermarfish.com/market/productos/conservas-y-enlatados,Espadines Ahumados en Aceite 160 g X Unidad x 160 g ,$ 7.500                          ,CONSERVAS Y ENLATADOS,https://hipermarfish.com/public/images/productos/VLNX082720221028_400.jpg
https://hipermarfish.com/market/productos/conservas-y-enlatados,Espadines Ahumados en Aceite 120 g X Unidad x 120 g ,$ 9.500                          ,CONSERVAS Y ENLATADOS,https://hipermarfish.com/public/images/productos/AMGS082720221028_400.jpg
https://hipermarfish.com/market/productos/conservas-y-enlatados,Espadines Ahumados en Aceite 100 g X Unidad x 100 g ,$ 7.500                          ,CONSERVAS Y ENLATADOS,https://hipermarfish.com/public/images/productos/SNRE042520220422_400.jpg
https://hipermarfish.com/market/productos/conservas-y-enlatados,Espadines en Salsa de Tomate 280 g X Unidad x 280 g ,$ 11.300                          ,CONSERVAS Y ENLATADOS,https://hipermarfish.com/public/images/productos/EJFB050620200828_400.jpg
https://hipermarfish.com/market/productos/conservas-y-enlatados,Espadines en Salsa de Tomate 240 g X Unidad x 240 g ,$ 7.500                          ,CONSERVAS Y ENLATADOS,https://hipermarfish.com/public/images/productos/RSBN042520220146_400.jpg
https://hipermarfish.com/market/productos/conservas-y-enlatados,Espadines Ahumados con Chile 100 g X Unidad x 100 g ,$ 7.500                          ,CONSERVAS Y ENLATADOS,https://hipermarfish.com/public/images/productos/ZOZI042520220421_400.jpg
https://hipermarfish.com/market/productos/conservas-y-enlatados,Espadines Ahumados con Limón 100 g X Unidad x 100 g ,$ 7.500                          ,CONSERVAS Y ENLATADOS,https://hipermarfish.com/public/images/productos/KNRH042520220421_400.jpg
https://hipermarfish.com/market/productos/conservas-y-enlatados,Sardinas Ahumados en Aceite 120 g X Unidad x 120 g ,$ 9.500                          ,CONSERVAS Y ENLATADOS,https://hipermarfish.com/public/images/productos/GASQ051920220527_400.jpg
https://hipermarfish.com/market/productos/conservas-y-enlatados,Sardinas Ahumados con Chili 120 g X Unidad x 120 g ,$ 7.500                          ,CONSERVAS Y ENLATADOS,https://hipermarfish.com/public/images/productos/UXHB051920220527_400.jpg
https://hipermarfish.com/market/productos/conservas-y-enlatados,Sardinas en Aceite de Limón 120 g X Unidad x 120 g ,$ 9.500                          ,CONSERVAS Y ENLATADOS,https://hipermarfish.com/public/images/productos/ULOH051920220528_400.jpg
https://hipermarfish.com/market/productos/conservas-y-enlatados,Sardinas en Aceite de Oliva 120 g X Unidad x 120 g ,$ 7.500                          ,CONSERVAS Y ENLATADOS,https://hipermarfish.com/public/images/productos/KNKI051920220528_400.jpg
https://hipermarfish.com/market/productos/conservas-y-enlatados,Lychees en Almíbar 567 g X Unidad x 567 g ,$ 11.000                          ,CONSERVAS Y ENLATADOS,https://hipermarfish.com/public/images/productos/NXAO021020220302_400.jpg
https://hipermarfish.com/market/productos/conservas-y-enlatados,Anchovies / Boquerones en Ajo 198 g X Unidad x 198 g ,$ 24.700                          ,CONSERVAS Y ENLATADOS,https://hipermarfish.com/public/images/productos/GFDP011420210146_400.jpg
https://hipermarfish.com/market/productos/conservas-y-enlatados,Anchovies / Boquerones en Pimienta 198 g X Unidad x 198 g ,$ 24.700                          ,CONSERVAS Y ENLATADOS,https://hipermarfish.com/public/images/productos/B5A3346_400.jpg
https://hipermarfish.com/market/productos/conservas-y-enlatados,Anchovies / Boquerones con Aceituna 198 g X Unidad x 198 g ,$ 24.700                          ,CONSERVAS Y ENLATADOS,https://hipermarfish.com/public/images/productos/LCLZ082420190355_400.jpg
https://hipermarfish.com/market/productos/conservas-y-enlatados,Anchovies / Boquerones en Aceite 1 Kg X Unidad x 1 kg ,$ 79.600                          ,CONSERVAS Y ENLATADOS,https://hipermarfish.com/public/images/productos/HDPL082420190356_400.jpg
https://hipermarfish.com/market/productos/conservas-y-enlatados,Jengibre 1 Kg X Paquete x 1 kg ,$ 18.800                          ,CONSERVAS Y ENLATADOS,https://hipermarfish.com/public/images/productos/RBAD021020220503_400.jpg
https://hipermarfish.com/market/productos/conservas-y-enlatados,Jengibre 100 g X Unidad x 100 g ,$ 3.100                          ,CONSERVAS Y ENLATADOS,https://hipermarfish.com/public/images/productos/ITEP021020220404_400.jpg
https://hipermarfish.com/market/productos/conservas-y-enlatados,Arenques / Herring en Vino 340 g X Unidad x 340 g ,$ 28.000                          ,CONSERVAS Y ENLATADOS,https://hipermarfish.com/public/images/productos/B5A3338_400.jpg
https://hipermarfish.com/market/productos/conservas-y-enlatados,Arenques / Herring Rollmops 340 g X Unidad x 340 g ,$ 28.000                          ,CONSERVAS Y ENLATADOS,https://hipermarfish.com/public/images/productos/NIRQ071420200808_400.jpg
https://hipermarfish.com/market/productos/conservas-y-enlatados,Arenques / Herring Marinado 340 g X Unidad x 340 g ,$ 28.000                          ,CONSERVAS Y ENLATADOS,https://hipermarfish.com/public/images/productos/B5A3323_400.jpg
https://hipermarfish.com/market/productos/conservas-y-enlatados,Arenques / Herring en Mostaza 340 g X Unidad x 340 g ,$ 28.000                          ,CONSERVAS Y ENLATADOS,https://hipermarfish.com/public/images/productos/B5A3337_400.jpg
https://hipermarfish.com/market/productos/conservas-y-enlatados,Arenques / Herring en Crema 340 g X Unidad x 340 g ,$ 28.000                          ,CONSERVAS Y ENLATADOS,https://hipermarfish.com/public/images/productos/B5A3339_400.jpg
https://hipermarfish.com/market/productos/conservas-y-enlatados,Caviar de Salmón 50 g X Unidad x 50 g ,$ 74.000                          ,CONSERVAS Y ENLATADOS,https://hipermarfish.com/public/images/productos/B5A3316_400.jpg
https://hipermarfish.com/market/productos/conservas-y-enlatados,Caviar Rojo 100 g X Unidad x 100 g ,$ 36.900                          ,CONSERVAS Y ENLATADOS,https://hipermarfish.com/public/images/productos/B5A3341_400.jpg
https://hipermarfish.com/market/productos/conservas-y-enlatados,Caviar Negro 100 g X Unidad x 100 g ,$ 36.900                          ,CONSERVAS Y ENLATADOS,https://hipermarfish.com/public/images/productos/B5A3317_400.jpg
https://hipermarfish.com/market/productos/condimentos-y-especias,Chili Rojo en Polvo 1 Kg X Paquete x 1 kg ,$ 37.500                          ,CONDIMENTOS Y ESPECIAS,https://hipermarfish.com/public/images/productos/REDE060920220525_400.jpg
https://hipermarfish.com/market/productos/condimentos-y-especias,Ají Picante en Polvo 453 g X Paquete x 453 g ,$ 14.200                          ,CONDIMENTOS Y ESPECIAS,https://hipermarfish.com/public/images/productos/ITHM052720220244_400.jpg
https://hipermarfish.com/market/productos/condimentos-y-especias,Furikake Salmón 50 g X Unidad x 50 g ,$ 20.000                          ,CONDIMENTOS Y ESPECIAS,https://hipermarfish.com/public/images/productos/ZMMJ021020220325_400.jpg
https://hipermarfish.com/market/productos/condimentos-y-especias,Furikake Wasabi 50 g X Unidad x 50 g ,$ 20.000                          ,CONDIMENTOS Y ESPECIAS,https://hipermarfish.com/public/images/productos/QTKG103020200422_400.jpg
https://hipermarfish.com/market/productos/condimentos-y-especias,Furikake Nori 50 g X Unidad x 50 g ,$ 20.000                          ,CONDIMENTOS Y ESPECIAS,https://hipermarfish.com/public/images/productos/ULUY111720200556_400.jpg
https://hipermarfish.com/market/productos/condimentos-y-especias,Furikake Noritamago 50 g X Unidad x 50 g ,$ 20.000                          ,CONDIMENTOS Y ESPECIAS,https://hipermarfish.com/public/images/productos/EFXG021020220325_400.jpg
https://hipermarfish.com/market/productos/condimentos-y-especias,Bonito Seco / Katsoubushi 45 g X Paquete x 45 g ,$ 9.000                          ,CONDIMENTOS Y ESPECIAS,https://hipermarfish.com/public/images/productos/EGQL052920200139_400.jpg
https://hipermarfish.com/market/productos/condimentos-y-especias,Hondashi Tassya 1 Kg X Unidad x 1 kg ,$ 56.700                          ,CONDIMENTOS Y ESPECIAS,https://hipermarfish.com/public/images/productos/UFHO052920200138_400.jpg
https://hipermarfish.com/market/productos/condimentos-y-especias,Hondashi Tassya 500 g X Paquete x 500 g ,$ 30.500                          ,CONDIMENTOS Y ESPECIAS,https://hipermarfish.com/public/images/productos/ZDBX102420200221_400.jpg
https://hipermarfish.com/market/productos/condimentos-y-especias,Tinta de Calamar 500 g X Unidad x 500 g ,$ 109.000                          ,CONDIMENTOS Y ESPECIAS,https://hipermarfish.com/public/images/productos/GZQN042720200134_400.jpg
https://hipermarfish.com/market/productos/condimentos-y-especias,Tinta de Calamar 90 g X Unidad x 90 g ,$ 25.000                          ,CONDIMENTOS Y ESPECIAS,https://hipermarfish.com/public/images/productos/BAOJ082720220234_400.jpg
https://hipermarfish.com/market/productos/condimentos-y-especias,Tinta de Calamar en Sobre x 4  Und de 4 g X Paquete x 4 u ,$ 12.000                          ,CONDIMENTOS Y ESPECIAS,https://hipermarfish.com/public/images/productos/DKPJ021020220511_400.jpg
https://hipermarfish.com/market/productos/condimentos-y-especias,Curry Powder 85 g X Unidad x 85 g ,$ 21.000                          ,CONDIMENTOS Y ESPECIAS,https://hipermarfish.com/public/images/productos/JBIW112520200359_400.jpg
https://hipermarfish.com/market/productos/condimentos-y-especias,Sal Marina Fina 750 g X Unidad x 750 g ,$ 20.300                          ,CONDIMENTOS Y ESPECIAS,https://hipermarfish.com/public/images/productos/GICK082120200843_400.jpg
https://hipermarfish.com/market/productos/condimentos-y-especias,Sal Marina Fina 250 g X Unidad x 250 g ,$ 13.000                          ,CONDIMENTOS Y ESPECIAS,https://hipermarfish.com/public/images/productos/XEXB112520200358_400.jpg
https://hipermarfish.com/market/productos/condimentos-y-especias,Sal Marina Gruesa 750 g X Unidad x 750 g ,$ 20.300                          ,CONDIMENTOS Y ESPECIAS,https://hipermarfish.com/public/images/productos/QJYY082120200845_400.jpg
https://hipermarfish.com/market/productos/condimentos-y-especias,Sal Marina Gruesa 250 g X Unidad x 250 g ,$ 13.000                          ,CONDIMENTOS Y ESPECIAS,https://hipermarfish.com/public/images/productos/XXUR112520200359_400.jpg
https://hipermarfish.com/market/productos/condimentos-y-especias,Caldo de Camarón 200 g X Unidad x 200 g ,$ 7.500                          ,CONDIMENTOS Y ESPECIAS,https://hipermarfish.com/public/images/productos/GBRP082420190835_400.jpg
https://hipermarfish.com/market/productos/condimentos-y-especias,Azafrán 1 g X Unidad x 1 g ,$ 21.200                          ,CONDIMENTOS Y ESPECIAS,https://hipermarfish.com/public/images/productos/VBYD082620190809_400.jpg
https://hipermarfish.com/market/productos/condimentos-y-especias,Coco Rayado 250 g X Paquete x 250 g ,$ 9.000                          ,CONDIMENTOS Y ESPECIAS,https://hipermarfish.com/public/images/productos/FHPU101520201228_400.jpg
https://hipermarfish.com/market/productos/leche-de-coco,Crema de Coco Lata 13.5 oz. (400 ml) X Lata x 400 ml ,$ 7.000                          ,LECHE DE COCO,https://hipermarfish.com/public/images/productos/PAWZ042220220240_400.jpg
https://hipermarfish.com/market/productos/leche-de-coco,Leche de Coco Lata 5.8 oz. (165 ml) X Lata x 165 ml ,$ 3.700                          ,LECHE DE COCO,https://hipermarfish.com/public/images/productos/B5A2901_400.jpg
https://hipermarfish.com/market/productos/leche-de-coco,Leche de Coco Crema Thai 370 g X Unidad x 370 g ,$ 19.400                          ,LECHE DE COCO,https://hipermarfish.com/public/images/productos/B5A2952_400.jpg
https://hipermarfish.com/market/productos/postres-y-dulces,Mochi Daifuku Kusa X Unidad ,$ 10.000                          ,POSTRES Y DULCES,https://hipermarfish.com/public/images/productos/ESDH060920220528_400.jpg
https://hipermarfish.com/market/productos/postres-y-dulces,Mochi Daifuku Mame X Unidad ,$ 10.000                          ,POSTRES Y DULCES,https://hipermarfish.com/public/images/productos/MRSJ060920220529_400.jpg
https://hipermarfish.com/market/productos/postres-y-dulces,Mochi Daifuku Aka X Unidad ,$ 10.000                          ,POSTRES Y DULCES,https://hipermarfish.com/public/images/productos/HECN060920220529_400.jpg
https://hipermarfish.com/market/productos/postres-y-dulces,Mochi Daifuku Kuro Goma X Unidad ,$ 10.000                          ,POSTRES Y DULCES,https://hipermarfish.com/public/images/productos/CDJH060920220529_400.jpg
https://hipermarfish.com/market/productos/postres-y-dulces,Mochi Daifuku Shiro Goma X Unidad ,$ 10.000                          ,POSTRES Y DULCES,https://hipermarfish.com/public/images/productos/JEFT060920220530_400.jpg
https://hipermarfish.com/market/productos/postres-y-dulces,Mochi Daifuku Shiro X Unidad ,$ 10.000                          ,POSTRES Y DULCES,https://hipermarfish.com/public/images/productos/QVRF060920220530_400.jpg
https://hipermarfish.com/market/productos/postres-y-dulces,Dorayaki Chestnut 280 g X Unidad x 280 g ,$ 21.000                          ,POSTRES Y DULCES,https://hipermarfish.com/public/images/productos/B5A3158_400.jpg
https://hipermarfish.com/market/productos/postres-y-dulces,Dorayaki Matcha 280 g X Unidad x 280 g ,$ 21.000                          ,POSTRES Y DULCES,https://hipermarfish.com/public/images/productos/B5A3159_400.jpg
https://hipermarfish.com/market/productos/pastas-y-noodles,Ramen Shio Sun 348 g X Unidad x 348 g ,$ 22.400                          ,PASTAS Y NOODLES,https://hipermarfish.com/public/images/productos/UJHY051920220356_400.jpg
https://hipermarfish.com/market/productos/pastas-y-noodles,Ramen Okinawa Sun 415 g X Unidad x 415 g ,$ 22.400                          ,PASTAS Y NOODLES,https://hipermarfish.com/public/images/productos/XUWF051920220345_400.jpg
https://hipermarfish.com/market/productos/pastas-y-noodles,Ramen Miso Sun 373 g X Unidad x 373 g ,$ 22.400                          ,PASTAS Y NOODLES,https://hipermarfish.com/public/images/productos/UCBB051920220343_400.jpg
https://hipermarfish.com/market/productos/pastas-y-noodles,Ramen Tonkotsu Sun 243 g X Unidad x 243 g ,$ 21.400                          ,PASTAS Y NOODLES,https://hipermarfish.com/public/images/productos/ANRV051920220401_400.jpg
https://hipermarfish.com/market/productos/pastas-y-noodles,Ramen Buldak Corn 650 g X Unidad x 650 g ,$ 31.600                          ,PASTAS Y NOODLES,https://hipermarfish.com/public/images/productos/HENY052820220314_400.jpg
https://hipermarfish.com/market/productos/pastas-y-noodles,Ramen Buldak Corn 130 g X Unidad x 130 g ,$ 6.400                          ,PASTAS Y NOODLES,https://hipermarfish.com/public/images/productos/GCBE082020220650_400.jpg
https://hipermarfish.com/market/productos/pastas-y-noodles,Ramen Buldak Stir / Fried 140 g X Unidad x 140 g ,$ 6.400                          ,PASTAS Y NOODLES,https://hipermarfish.com/public/images/productos/EZQL082020220512_400.jpg
https://hipermarfish.com/market/productos/pastas-y-noodles,Ramen Buldak de Tomate 700 g X Unidad x 700 g ,$ 31.600                          ,PASTAS Y NOODLES,https://hipermarfish.com/public/images/productos/XRBX051920220406_400.jpg
https://hipermarfish.com/market/productos/pastas-y-noodles,Ramen Buldak de Tomate 140 g X Unidad x 140 g ,$ 6.400                          ,PASTAS Y NOODLES,https://hipermarfish.com/public/images/productos/STED082020220516_400.jpg
https://hipermarfish.com/market/productos/pastas-y-noodles,Ramen Buldak de Queso 700 g X Unidad x 700 g ,$ 31.000                          ,PASTAS Y NOODLES,https://hipermarfish.com/public/images/productos/ICKZ051920220410_400.jpg
https://hipermarfish.com/market/productos/pastas-y-noodles,Ramen Buldak de Queso 140 g X Paquete x 140 g ,$ 6.200                          ,PASTAS Y NOODLES,https://hipermarfish.com/public/images/productos/ROQR121020220230_400.jpg
https://hipermarfish.com/market/productos/pastas-y-noodles,Ramen Buldak Kimchi 135 g X Unidad x 135 g ,$ 7.300                          ,PASTAS Y NOODLES,https://hipermarfish.com/public/images/productos/XRJE082020220457_400.jpg
https://hipermarfish.com/market/productos/pastas-y-noodles,Ramen Buldak Jjajang 700 g X Unidad x 700 g ,$ 38.200                          ,PASTAS Y NOODLES,https://hipermarfish.com/public/images/productos/NQRL051920220416_400.jpg
https://hipermarfish.com/market/productos/pastas-y-noodles,Ramen Buldak Jjajang 140 g X Paquete x 140 g ,$ 7.700                          ,PASTAS Y NOODLES,https://hipermarfish.com/public/images/productos/MNNB112620220352_400.jpg
https://hipermarfish.com/market/productos/pastas-y-noodles,Ramen Buldak Picante 140 g X Paquete x 140 g ,$ 6.400                          ,PASTAS Y NOODLES,https://hipermarfish.com/public/images/productos/LVFQ112620220412_400.jpg
https://hipermarfish.com/market/productos/pastas-y-noodles,Ramen Buldak Ligth 700 g X Unidad x 700 g ,$ 31.600                          ,PASTAS Y NOODLES,https://hipermarfish.com/public/images/productos/JNER051920220431_400.jpg
https://hipermarfish.com/market/productos/pastas-y-noodles,Ramen Buldak Ligth 120 g X Paquete x 110 g ,$ 6.400                          ,PASTAS Y NOODLES,https://hipermarfish.com/public/images/productos/KBCZ090120220600_400.jpg
https://hipermarfish.com/market/productos/pastas-y-noodles,Ramen Buldak Soup 725 g X Unidad x 725 g ,$ 31.600                          ,PASTAS Y NOODLES,https://hipermarfish.com/public/images/productos/GZKX051920220436_400.jpg
https://hipermarfish.com/market/productos/pastas-y-noodles,Ramen Buldak Soup  145 g X Paquete x 145 g ,$ 6.400                          ,PASTAS Y NOODLES,https://hipermarfish.com/public/images/productos/GTRL112620220411_400.jpg
https://hipermarfish.com/market/productos/pastas-y-noodles,Ramen Buldak Curry 700 g X Unidad x 700 g ,$ 31.600                          ,PASTAS Y NOODLES,https://hipermarfish.com/public/images/productos/RTSP051920220420_400.jpg
https://hipermarfish.com/market/productos/pastas-y-noodles,Ramen Buldak Curry 140 g X Paquete x 140 g ,$ 6.400                          ,PASTAS Y NOODLES,https://hipermarfish.com/public/images/productos/DMYG120420220539_400.jpg
https://hipermarfish.com/market/productos/pastas-y-noodles,Vermicelli x 283 g X Paquete x 283 g ,$ 12.400                          ,PASTAS Y NOODLES,https://hipermarfish.com/public/images/productos/IDUI061420220336_400.jpg
https://hipermarfish.com/market/productos/pastas-y-noodles,Vermicelli x 1 Kg X Paquete x 1 kg ,$ 45.000                          ,PASTAS Y NOODLES,https://hipermarfish.com/public/images/productos/MATW061420220339_400.jpg
https://hipermarfish.com/market/productos/pastas-y-noodles,Pasta Sweet Potato (Batata) 1 Kg X Paquete x 1 kg ,$ 21.000                          ,PASTAS Y NOODLES,https://hipermarfish.com/public/images/productos/OUEC060920220523_400.jpg
https://hipermarfish.com/market/productos/pastas-y-noodles,Pasta de Soya BBQ 500 g X Unidad x 500 g ,$ 16.500                          ,PASTAS Y NOODLES,https://hipermarfish.com/public/images/productos/GLCA050720210527_400.jpg
https://hipermarfish.com/market/productos/pastas-y-noodles,Pasta de Soya 500 g X Unidad x 500 g ,$ 15.500                          ,PASTAS Y NOODLES,https://hipermarfish.com/public/images/productos/EXWG050720210526_400.jpg
https://hipermarfish.com/market/productos/pastas-y-noodles,Pasta de Pimiento Picante 500 g X Unidad x 500 g ,$ 16.500                          ,PASTAS Y NOODLES,https://hipermarfish.com/public/images/productos/UNTL050720210528_400.jpg
https://hipermarfish.com/market/productos/pastas-y-noodles,Rice Cake Tteokguk 907 g X Unidad x 907 g ,$ 21.000                          ,PASTAS Y NOODLES,https://hipermarfish.com/public/images/productos/KNHS021020220422_400.jpg
https://hipermarfish.com/market/productos/pastas-y-noodles,Rice Cake Topokki 907 g X Unidad x 907 g ,$ 21.000                          ,PASTAS Y NOODLES,https://hipermarfish.com/public/images/productos/AVHC021020220428_400.jpg
https://hipermarfish.com/market/productos/pastas-y-noodles,Noodle Shin Ramyun Black Nongshim 130 g X Paquete x 130 g ,$ 7.500                          ,PASTAS Y NOODLES,https://hipermarfish.com/public/images/productos/YKWS100720210315_400.jpg
https://hipermarfish.com/market/productos/pastas-y-noodles,Egg Noodles 400 g X Unidad x 400 g ,$ 7.900                          ,PASTAS Y NOODLES,https://hipermarfish.com/public/images/productos/GKUA082720190330_400.jpg
https://hipermarfish.com/market/productos/pastas-y-noodles,Pasta Shirataki Konnyaku X Paquete x 200 g ,$ 9.000                          ,PASTAS Y NOODLES,https://hipermarfish.com/public/images/productos/VBXA090420200727_400.jpg
https://hipermarfish.com/market/productos/pastas-y-noodles,Pasta Vermicelli 500 g X Paquete x 500 g ,$ 12.000                          ,PASTAS Y NOODLES,https://hipermarfish.com/public/images/productos/SXMS082820210408_400.jpg
https://hipermarfish.com/market/productos/pastas-y-noodles,Pasta Udon 300 g X Paquete x 300 g ,$ 5.800                          ,PASTAS Y NOODLES,https://hipermarfish.com/public/images/productos/ZWYP071920220910_400.jpg
https://hipermarfish.com/market/productos/pastas-y-noodles,Pasta Ramen 300 g X Paquete x 300 g ,$ 6.500                          ,PASTAS Y NOODLES,https://hipermarfish.com/public/images/productos/CUMA101520201234_400.jpg
https://hipermarfish.com/market/productos/pastas-y-noodles,Pasta de Arroz 5 mm de 400 g X Paquete x 400 g ,$ 5.200                          ,PASTAS Y NOODLES,https://hipermarfish.com/public/images/productos/B5A2798_400.jpg
https://hipermarfish.com/market/productos/pastas-y-noodles,Pasta de Arroz 3 mm de 400 g X Paquete x 400 g ,$ 5.200                          ,PASTAS Y NOODLES,https://hipermarfish.com/public/images/productos/B5A2800_400.jpg
https://hipermarfish.com/market/productos/salsas-y-aderezos,Salsa de Soya Prémium 30 ml X Unidad x 30 ml ,$ 600                          ,SALSAS Y ADEREZOS,https://hipermarfish.com/public/images/productos/DDLO121320210533_400.jpg
https://hipermarfish.com/market/productos/salsas-y-aderezos,Dijon Mustard 370 g X Unidad x 370 g ,$ 27.600                          ,SALSAS Y ADEREZOS,https://hipermarfish.com/public/images/productos/MSGS081920210236_400.jpg
https://hipermarfish.com/market/productos/salsas-y-aderezos,Salsa Ponzu Seasir 150 ml X Unidad x 150 ml ,$ 5.800                          ,SALSAS Y ADEREZOS,https://hipermarfish.com/public/images/productos/CAKO121320210554_400.jpg
https://hipermarfish.com/market/productos/salsas-y-aderezos,Salsa de Pescado Red 500 ml X Unidad x 500 ml ,$ 98.000                          ,SALSAS Y ADEREZOS,https://hipermarfish.com/public/images/productos/PLRG080320220444_400.jpg
https://hipermarfish.com/market/productos/salsas-y-aderezos,Lata de  Aceite de Ajonjolí kadoya 1.6 L X Unidad x 1.60 lt ,$ 99.800                          ,SALSAS Y ADEREZOS,https://hipermarfish.com/public/images/productos/MGGU121920190726_400.jpg
https://hipermarfish.com/market/productos/salsas-y-aderezos,Aceite Kadoya en Botella de 327 ml X Botella x 327 ml ,$ 25.200                          ,SALSAS Y ADEREZOS,https://hipermarfish.com/public/images/productos/NCAJ083120191222_400.jpg
https://hipermarfish.com/market/productos/salsas-y-aderezos,Aceite Kadoya Hot 163 ml X Unidad x 163 ml ,$ 16.000                          ,SALSAS Y ADEREZOS,https://hipermarfish.com/public/images/productos/ZWKW102320200623_400.jpg
https://hipermarfish.com/market/productos/salsas-y-aderezos,Aceite de Coco Orgánico 500 ml X Unidad x 500 ml ,$ 26.900                          ,SALSAS Y ADEREZOS,https://hipermarfish.com/public/images/productos/UUKP022520210547_400.jpg
https://hipermarfish.com/market/productos/salsas-y-aderezos,Mayonesa Kewpie 500 g X Unidad x 500 g ,$ 29.600                          ,SALSAS Y ADEREZOS,https://hipermarfish.com/public/images/productos/QKTM083120191223_400.jpg
https://hipermarfish.com/market/productos/salsas-y-aderezos,Nam Pla Wan 215 g X Unidad x 215 g ,$ 14.500                          ,SALSAS Y ADEREZOS,https://hipermarfish.com/public/images/productos/B5A2878_400.jpg
https://hipermarfish.com/market/productos/salsas-y-aderezos,Salsa Hoisin Roland 210 g X Unidad x 210 g ,$ 15.200                          ,SALSAS Y ADEREZOS,https://hipermarfish.com/public/images/productos/CGHY111020201139_400.jpg
https://hipermarfish.com/market/productos/salsas-y-aderezos,Salsa Hoisin Dynasty 198 g X Unidad x 198 g ,$ 11.000                          ,SALSAS Y ADEREZOS,https://hipermarfish.com/public/images/productos/JEDR053120210619_400.jpg
https://hipermarfish.com/market/productos/salsas-y-aderezos,Salsa de Soya Less Seasir 150 ml X Unidad x 150 ml ,$ 9.000                          ,SALSAS Y ADEREZOS,https://hipermarfish.com/public/images/productos/EIJF041420210226_400.jpg
https://hipermarfish.com/market/productos/salsas-y-aderezos,Salsa de Soya Seasir 150 ml X Unidad x 150 ml ,$ 8.800                          ,SALSAS Y ADEREZOS,https://hipermarfish.com/public/images/productos/UKWE031720220825_400.jpg
https://hipermarfish.com/market/productos/salsas-y-aderezos,Salsa Soya Citrus 1L X Unidad x 1 lt ,$ 22.600                          ,SALSAS Y ADEREZOS,https://hipermarfish.com/public/images/productos/B5A2858_400.jpg
https://hipermarfish.com/market/productos/salsas-y-aderezos,Salsa Sriracha Hot Chili 482 g X Unidad x 482 g ,$ 15.500                          ,SALSAS Y ADEREZOS,https://hipermarfish.com/public/images/productos/NAKG051120200536_400.jpg
https://hipermarfish.com/market/productos/salsas-y-aderezos,Salsa Teriyaki 250 ml X Unidad x 250 ml ,$ 10.000                          ,SALSAS Y ADEREZOS,https://hipermarfish.com/public/images/productos/KMST090420200619_400.jpg
https://hipermarfish.com/market/productos/salsas-y-aderezos,Salsa Sweet Chili 750 g X Unidad x 750 g ,$ 20.200                          ,SALSAS Y ADEREZOS,https://hipermarfish.com/public/images/productos/B5A2845_400.jpg
https://hipermarfish.com/market/productos/salsas-y-aderezos,Salsa Sweet Chili 350 g X Unidad x 350 g ,$ 11.000                          ,SALSAS Y ADEREZOS,https://hipermarfish.com/public/images/productos/B5A2846_400.jpg
https://hipermarfish.com/market/productos/salsas-y-aderezos,Salsa de Ostras Grande 510 g X Unidad x 510 g ,$ 18.000                          ,SALSAS Y ADEREZOS,https://hipermarfish.com/public/images/productos/B5A2854_400.jpg
https://hipermarfish.com/market/productos/salsas-y-aderezos,Salsa de Ostras 260 g X Unidad x 260 g ,$ 12.000                          ,SALSAS Y ADEREZOS,https://hipermarfish.com/public/images/productos/ZGCA121920190915_400.jpg
https://hipermarfish.com/market/productos/salsas-y-aderezos,Salsa Ponzu Glaze Citrus 2.27 Kg X Unidad x 2.27 kg ,$ 59.300                          ,SALSAS Y ADEREZOS,https://hipermarfish.com/public/images/productos/B5A2779_400.jpg
https://hipermarfish.com/market/productos/salsas-y-aderezos,Salsa Poke Yamasa 2.13 Kg X Unidad x 2.13 kg ,$ 48.800                          ,SALSAS Y ADEREZOS,https://hipermarfish.com/public/images/productos/B5A2917_400.jpg
https://hipermarfish.com/market/productos/salsas-y-aderezos,Salsa de Anguila 250 ml X Unidad x 250 ml ,$ 7.900                          ,SALSAS Y ADEREZOS,https://hipermarfish.com/public/images/productos/B5A2857_400.jpg
https://hipermarfish.com/market/productos/te,Té de Jengibre y Miel 216 g X Paquete x 216 g ,$ 15.400                          ,TE,https://hipermarfish.com/public/images/productos/VBFQ082720221059_400.jpg
https://hipermarfish.com/market/productos/te,Té Verde 500 g X Unidad x 500 g ,$ 27.300                          ,TE,https://hipermarfish.com/public/images/productos/OIGC121920190918_400.jpg
https://hipermarfish.com/market/productos/todo-para-sushi,Togarashi Tassya 454 g X Paquete x 454 g ,$ 18.500                          ,TODO PARA SUSHI,https://hipermarfish.com/public/images/productos/BVCM112520200933_400.jpg
https://hipermarfish.com/market/productos/todo-para-sushi,Pega de Arroz 500 g X Unidad x 500 g ,$ 9.500                          ,TODO PARA SUSHI,https://hipermarfish.com/public/images/productos/SHME101520200507_400.jpg
https://hipermarfish.com/market/productos/todo-para-sushi,Masago 500 g X Unidad x 500 g ,$ 85.000                          ,TODO PARA SUSHI,https://hipermarfish.com/public/images/productos/CLPC101520200158_400.jpg
https://hipermarfish.com/market/productos/todo-para-sushi,Masago 80 g X Unidad x 80 g ,$ 15.500                          ,TODO PARA SUSHI,https://hipermarfish.com/public/images/productos/KOYK031720220900_400.jpg
https://hipermarfish.com/market/productos/todo-para-sushi,Wasabi 1 Kg X Unidad x 1 kg ,$ 48.000                          ,TODO PARA SUSHI,https://hipermarfish.com/public/images/productos/DEIY022620220404_400.jpg
https://hipermarfish.com/market/productos/todo-para-sushi,Wasabi 60 g X Unidad x 60 g ,$ 5.200                          ,TODO PARA SUSHI,https://hipermarfish.com/public/images/productos/JMHW101520201235_400.jpg
https://hipermarfish.com/market/productos/todo-para-sushi,Wasabi 43 g X Unidad x 43 g ,$ 7.000                          ,TODO PARA SUSHI,https://hipermarfish.com/public/images/productos/QUJM020820200840_400.jpg
https://hipermarfish.com/market/productos/todo-para-sushi,Vinagre Seasir 1.9 L X Unidad x 1 lt ,$ 31.300                          ,TODO PARA SUSHI,https://hipermarfish.com/public/images/productos/SWTN071420220520_400.jpg
https://hipermarfish.com/market/productos/todo-para-sushi,Vinagre Seasir 1 L X Botella x 1 lt ,$ 16.000                          ,TODO PARA SUSHI,https://hipermarfish.com/public/images/productos/IBCA071420220528_400.jpg
https://hipermarfish.com/market/productos/todo-para-sushi,Vinagre para Sushi 1 L X Unidad x 1 lt ,$ 12.800                          ,TODO PARA SUSHI,https://hipermarfish.com/public/images/productos/JIGE090420200622_400.jpg
https://hipermarfish.com/market/productos/todo-para-sushi,Mirin Mitsukan 354 ml X Botella x 354 ml ,$ 12.000                          ,TODO PARA SUSHI,https://hipermarfish.com/public/images/productos/UCWY080920210145_400.jpg
https://hipermarfish.com/market/productos/todo-para-sushi,Mirin Seasir 500 ml X Botella x 500 ml ,$ 15.600                          ,TODO PARA SUSHI,https://hipermarfish.com/public/images/productos/BOZS031720210653_400.jpg
https://hipermarfish.com/market/productos/todo-para-sushi,Mirin T 500 ml X Unidad x 500 ml ,$ 12.600                          ,TODO PARA SUSHI,https://hipermarfish.com/public/images/productos/QLWY082420190900_400.jpg
https://hipermarfish.com/market/productos/pescados-enteros-y-postas,Mojarra Roja Fresca X Kilogramo ,$ 17.000                          ,PESCADOS ENTEROS Y POSTAS,https://hipermarfish.com/public/images/productos/DHKG071120201002_400.jpg
https://hipermarfish.com/market/productos/pescados-enteros-y-postas,Mojarra Roja Congelada X Kilogramo ,$ 18.500                          ,PESCADOS ENTEROS Y POSTAS,https://hipermarfish.com/public/images/productos/MGQQ051220200911_400.jpg
https://hipermarfish.com/market/productos/pescados-enteros-y-postas,Mojarra Roja Empacada al Vacío X Kilogramo ,$ 18.500                          ,PESCADOS ENTEROS Y POSTAS,https://hipermarfish.com/public/images/productos/UEWN032520221035_400.jpg
https://hipermarfish.com/market/productos/pescados-enteros-y-postas,Mojarra Negra Fresca X Kilogramo ,$ 15.000                          ,PESCADOS ENTEROS Y POSTAS,https://hipermarfish.com/public/images/productos/OOED053020200213_400.jpg
https://hipermarfish.com/market/productos/pescados-enteros-y-postas,Mojarra Negra Congelada X Kilogramo ,$ 16.500                          ,PESCADOS ENTEROS Y POSTAS,https://hipermarfish.com/public/images/productos/GDFH112620200448_400.jpg
https://hipermarfish.com/market/productos/pescados-enteros-y-postas,Róbalo Entero Pequeño X Kilogramo ,$ 29.000                          ,PESCADOS ENTEROS Y POSTAS,https://hipermarfish.com/public/images/productos/QJBY060920220526_400.jpg
https://hipermarfish.com/market/productos/pescados-enteros-y-postas,Róbalo Entero Congelado X Kilogramo ,$ 49.000                          ,PESCADOS ENTEROS Y POSTAS,https://hipermarfish.com/public/images/productos/ZADO100620220525_400.jpg
https://hipermarfish.com/market/productos/pescados-enteros-y-postas,Macarela / Mackerel X Kilogramo ,$ 31.100                          ,PESCADOS ENTEROS Y POSTAS,https://hipermarfish.com/public/images/productos/ZODG111520220821_400.jpg
https://hipermarfish.com/market/productos/pescados-enteros-y-postas,Branzino / Lubia X Kilogramo ,$ 125.000                          ,PESCADOS ENTEROS Y POSTAS,https://hipermarfish.com/public/images/productos/CRRZ050620200948_400.jpg
https://hipermarfish.com/market/productos/pescados-enteros-y-postas,Pámpano X Kilogramo ,$ 44.000                          ,PESCADOS ENTEROS Y POSTAS,https://hipermarfish.com/public/images/productos/UBJG041420210306_400.jpg
https://hipermarfish.com/market/productos/pescados-enteros-y-postas,Pargo Rojo Grande X Kilogramo ,$ 45.000                          ,PESCADOS ENTEROS Y POSTAS,https://hipermarfish.com/public/images/productos/B5A3143_400.jpg
https://hipermarfish.com/market/productos/pescados-enteros-y-postas,Sierra  en Posta X Kilogramo ,$ 30.000                          ,PESCADOS ENTEROS Y POSTAS,https://hipermarfish.com/public/images/productos/FBWS050620200252_400.jpg
https://hipermarfish.com/market/productos/pescados-enteros-y-postas,Bagre Rayado en Posta X Kilogramo ,$ 32.000                          ,PESCADOS ENTEROS Y POSTAS,https://hipermarfish.com/public/images/productos/QWFJ020820200926_400.jpg
https://hipermarfish.com/market/productos/pescados-enteros-y-postas,Hueso de Bagre Carnudo X Kilogramo ,$ 16.000                          ,PESCADOS ENTEROS Y POSTAS,https://hipermarfish.com/public/images/productos/AIQW122820190330_400.jpg
https://hipermarfish.com/market/productos/pescados-enteros-y-postas,Basa X Kilogramo ,$ 16.000                          ,PESCADOS ENTEROS Y POSTAS,https://hipermarfish.com/public/images/productos/IQMJ082620190935_400.jpg
https://hipermarfish.com/market/productos/pescados-enteros-y-postas,Bagre de Mar en Posta X Kilogramo ,$ 20.000                          ,PESCADOS ENTEROS Y POSTAS,https://hipermarfish.com/public/images/productos/SVUQ083120190432_400.jpg
https://hipermarfish.com/market/productos/listos-y-congelados,Deditos de Grouper Apanado X Unidad ,$ 42.000                          ,LISTOS Y CONGELADOS,https://hipermarfish.com/public/images/productos/BVUG110420220512_400.jpg
https://hipermarfish.com/market/productos/listos-y-congelados,Filete de Grouper Apanado X Unidad ,$ 42.000                          ,LISTOS Y CONGELADOS,https://hipermarfish.com/public/images/productos/GJEQ110420220511_400.jpg
https://hipermarfish.com/market/productos/listos-y-congelados,Filete de Pargo Apanado X Unidad ,$ 42.000                          ,LISTOS Y CONGELADOS,https://hipermarfish.com/public/images/productos/YLBU110420220508_400.jpg
https://hipermarfish.com/market/productos/listos-y-congelados,Deditos de Mahi Mahi Apanado X Unidad ,$ 34.000                          ,LISTOS Y CONGELADOS,https://hipermarfish.com/public/images/productos/SCKA110420220509_400.jpg
https://hipermarfish.com/market/productos/listos-y-congelados,Filete de Mahi Mahi Apanado X Unidad ,$ 34.000                          ,LISTOS Y CONGELADOS,https://hipermarfish.com/public/images/productos/BYEV110420220506_400.jpg
https://hipermarfish.com/market/productos/listos-y-congelados,Bolas de Langosta 454 g X Unidad x 454 g ,$ 24.000                          ,LISTOS Y CONGELADOS,https://hipermarfish.com/public/images/productos/QBXD021020220350_400.jpg
https://hipermarfish.com/market/productos/listos-y-congelados,Bolas de Pescado y Camarón 454 g X Unidad x 454 g ,$ 24.000                          ,LISTOS Y CONGELADOS,https://hipermarfish.com/public/images/productos/LYPS071420210908_400.jpg
https://hipermarfish.com/market/productos/listos-y-congelados,Bolas de Pescado y Calamar 454 g X Unidad x 454 g ,$ 24.000                          ,LISTOS Y CONGELADOS,https://hipermarfish.com/public/images/productos/URKA071220210231_400.jpg
https://hipermarfish.com/market/productos/listos-y-congelados,Bolas de Pescado 454 g X Unidad x 454 g ,$ 24.000                          ,LISTOS Y CONGELADOS,https://hipermarfish.com/public/images/productos/ZXER071220210207_400.jpg
https://hipermarfish.com/market/productos/listos-y-congelados,Croquetas de Pescado x 16 Unidades X Unidad x 454 g ,$ 13.500                          ,LISTOS Y CONGELADOS,https://hipermarfish.com/public/images/productos/JXJU091520220631_400.jpg
https://hipermarfish.com/market/productos/listos-y-congelados,Nuggets de Pescado 454 g X Paquete x 450 g ,$ 11.200                          ,LISTOS Y CONGELADOS,https://hipermarfish.com/public/images/productos/BILR111520220643_400.jpg
https://hipermarfish.com/market/productos/listos-y-congelados,Edamame 454 g X Unidad x 454 g ,$ 7.900                          ,LISTOS Y CONGELADOS,https://hipermarfish.com/public/images/productos/RFCE022620220257_400.jpg
https://hipermarfish.com/market/productos/listos-y-congelados,Gyoza Skin 500 g X Unidad x 500 g ,$ 11.300                          ,LISTOS Y CONGELADOS,https://hipermarfish.com/public/images/productos/CNUS021020220453_400.jpg
https://hipermarfish.com/market/productos/listos-y-congelados,Gyoza Skin 283 g X Unidad x 283 g ,$ 11.000                          ,LISTOS Y CONGELADOS,https://hipermarfish.com/public/images/productos/UKPX092620200830_400.jpg
https://hipermarfish.com/market/productos/listos-y-congelados,Egg Roll Skin 680 g X Unidad x 680 g ,$ 20.200                          ,LISTOS Y CONGELADOS,https://hipermarfish.com/public/images/productos/NMPO092620200830_400.jpg
https://hipermarfish.com/market/productos/listos-y-congelados,Egg Roll Skin / Lumpias 340 g X Unidad x 340 g ,$ 9.500                          ,LISTOS Y CONGELADOS,https://hipermarfish.com/public/images/productos/NSPR101520201239_400.jpg
https://hipermarfish.com/market/productos/listos-y-congelados,Masa para Wonton 500 g X Unidad x 500 g ,$ 11.300                          ,LISTOS Y CONGELADOS,https://hipermarfish.com/public/images/productos/ZOYA101520201241_400.jpg
https://hipermarfish.com/market/productos/listos-y-congelados,Gyoza / Empanaditas de Camarón x 10 Unidades X Paquete x 10 u ,$ 12.500                          ,LISTOS Y CONGELADOS,https://hipermarfish.com/public/images/productos/KYJD071920221022_400.jpg
https://hipermarfish.com/market/productos/listos-y-congelados,Natto Umefuumikurozutare 133.5 g X Unidad x 133.50 g ,$ 10.600                          ,LISTOS Y CONGELADOS,https://hipermarfish.com/public/images/productos/IIFO051320210405_400.jpg
https://hipermarfish.com/market/productos/listos-y-congelados,Natto Niowanatto 90 g X Unidad x 90 g ,$ 10.600                          ,LISTOS Y CONGELADOS,https://hipermarfish.com/public/images/productos/JPFS042520200338_400.jpg
https://hipermarfish.com/market/productos/listos-y-congelados,Miso Shiro 1 Kg X Paquete x 1 kg ,$ 22.900                          ,LISTOS Y CONGELADOS,https://hipermarfish.com/public/images/productos/KBGY102020220632_400.jpg
https://hipermarfish.com/market/productos/listos-y-congelados,Cazuela Especial 480 g X Unidad x 480 g ,$ 13.800                          ,LISTOS Y CONGELADOS,https://hipermarfish.com/public/images/productos/YJZA091420220604_400.jpg
https://hipermarfish.com/market/productos/listos-y-congelados,Cazuela Super Especial 700 g X Unidad x 700 g ,$ 18.200                          ,LISTOS Y CONGELADOS,https://hipermarfish.com/public/images/productos/XMVR091420220606_400.jpg
https://hipermarfish.com/market/productos/listos-y-congelados,"Cazuela Familiar 3000 g X Unidad x 3,000 g ",$ 58.000                          ,LISTOS Y CONGELADOS,https://hipermarfish.com/public/images/productos/ARDT111620220553_400.jpg
https://hipermarfish.com/market/productos/listos-y-congelados,Bisque de Langosta 350 g X Unidad x 350 g ,$ 11.500                          ,LISTOS Y CONGELADOS,https://hipermarfish.com/public/images/productos/HTXC091420220601_400.jpg
https://hipermarfish.com/market/productos/listos-y-congelados,Crema de Salmón 360 g X Unidad x 360 g ,$ 6.000                          ,LISTOS Y CONGELADOS,https://hipermarfish.com/public/images/productos/ZAOY022420220700_400.jpg
https://hipermarfish.com/market/productos/listos-y-congelados,Crema de Camarón 360 g X Unidad x 360 g ,$ 11.000                          ,LISTOS Y CONGELADOS,https://hipermarfish.com/public/images/productos/UNMU022420220659_400.jpg
https://hipermarfish.com/market/productos/listos-y-congelados,Hamburguesa de Salmón 500 g X Paquete x 500 g ,$ 21.500                          ,LISTOS Y CONGELADOS,https://hipermarfish.com/public/images/productos/XZNZ121920190814_400.jpg
https://hipermarfish.com/market/productos/listos-y-congelados,Hamburguesa de Pescado 500 g X Unidad x 500 g ,$ 15.500                          ,LISTOS Y CONGELADOS,https://hipermarfish.com/public/images/productos/JTII111520220643_400.jpg
https://hipermarfish.com/market/productos/listos-y-congelados,Hamburguesa de Atún 500 g X Paquete x 500 g ,$ 21.500                          ,LISTOS Y CONGELADOS,https://hipermarfish.com/public/images/productos/GAKL082420190400_400.jpg
https://hipermarfish.com/market/productos/listos-y-congelados,Spring Roll de Vegetales x 20 Und X Caja x 20 u ,$ 25.000                          ,LISTOS Y CONGELADOS,https://hipermarfish.com/public/images/productos/ZGHQ052920200156_400.jpg
https://hipermarfish.com/market/productos/listos-y-congelados,Jaiba Gratinada Bandeja x 3 Unidades X Unidad x 270 g ,$ 17.700                          ,LISTOS Y CONGELADOS,https://hipermarfish.com/public/images/productos/BEJN020520210850_400.jpg
https://hipermarfish.com/market/productos/listos-y-congelados,Ensalada de Algas 500 g X Unidad x 500 g ,$ 20.600                          ,LISTOS Y CONGELADOS,https://hipermarfish.com/public/images/productos/OMKB020820200959_400.jpg
https://hipermarfish.com/market/productos/listos-y-congelados,Ensalada de Pulpo 220 g X Unidad x 220 g ,$ 12.000                          ,LISTOS Y CONGELADOS,https://hipermarfish.com/public/images/productos/CGLO071620200504_400.jpg
https://hipermarfish.com/market/productos/listos-y-congelados,Ensalada de Calamar 220 g X Unidad x 220 g ,$ 12.900                          ,LISTOS Y CONGELADOS,https://hipermarfish.com/public/images/productos/DHYA071620200504_400.jpg
https://hipermarfish.com/market/productos/listos-y-congelados,Pato X Kilogramo ,$ 54.000                          ,LISTOS Y CONGELADOS,https://hipermarfish.com/public/images/productos/HWEL082620221010_400.jpg
https://hipermarfish.com/market/productos/listos-y-congelados,Queso Tofu X Kilogramo ,$ 12.000                          ,LISTOS Y CONGELADOS,https://hipermarfish.com/public/images/productos/JSES082120200456_400.jpg
https://hipermarfish.com/market/productos/almejas-y-mejillones,Almeja en Concha Blanca 1 Kg X Paquete x 1 kg ,$ 20.000                          ,ALMEJAS Y MEJILLONES,https://hipermarfish.com/public/images/productos/YVLJ071920221020_400.jpg
https://hipermarfish.com/market/productos/almejas-y-mejillones,Almeja en Concha Blanca 454 g X Paquete x 454 g ,$ 12.100                          ,ALMEJAS Y MEJILLONES,https://hipermarfish.com/public/images/productos/SAIQ021020220503_400.jpg
https://hipermarfish.com/market/productos/almejas-y-mejillones,Almeja Criolla 1 Kg X Unidad x 1 kg ,$ 16.500                          ,ALMEJAS Y MEJILLONES,https://hipermarfish.com/public/images/productos/CWTO100220220251_400.jpg
https://hipermarfish.com/market/productos/almejas-y-mejillones,Almeja en Concha Negra 1 Kg X Unidades x 500 g ,$ 4.500                          ,ALMEJAS Y MEJILLONES,https://hipermarfish.com/public/images/productos/LWQZ081220210204_400.jpg
https://hipermarfish.com/market/productos/almejas-y-mejillones,Mejillones Negros 454 g X Unidad x 454 g ,$ 9.800                          ,ALMEJAS Y MEJILLONES,https://hipermarfish.com/public/images/productos/VSOC082020220545_400.jpg
https://hipermarfish.com/market/productos/almejas-y-mejillones,Mejillones Limpios 500 g X Unidad x 500 g ,$ 18.500                          ,ALMEJAS Y MEJILLONES,https://hipermarfish.com/public/images/productos/GTJT101520200101_400.jpg
https://hipermarfish.com/market/productos/almejas-y-mejillones,Mejillones Verdes 907 g X Paquete x 907 g ,$ 67.000                          ,ALMEJAS Y MEJILLONES,https://hipermarfish.com/public/images/productos/AJRW100220220252_400.jpg
https://hipermarfish.com/market/productos/almejas-y-mejillones,Mejillones Verdes 500 g X Paquete x 500 g ,$ 37.000                          ,ALMEJAS Y MEJILLONES,https://hipermarfish.com/public/images/productos/VNYI021020220357_400.jpg
https://hipermarfish.com/market/productos/almejas-y-mejillones,Mejillón Limpio Granel X Kilogramo ,$ 37.000                          ,ALMEJAS Y MEJILLONES,https://hipermarfish.com/public/images/productos/QEHD111620220430_400.jpg
https://hipermarfish.com/market/productos/almejas-y-mejillones,Vieiras / Concha de Abanico 1 Kg X Paquete x 1 kg ,$ 49.000                          ,ALMEJAS Y MEJILLONES,https://hipermarfish.com/public/images/productos/OJMW100720210347_400.jpg
https://hipermarfish.com/market/productos/camarones-y-langostinos,Camarón Tigre Fresco Cocido X Kilogramo ,$ 56.000                          ,CAMARONES Y LANGOSTINOS,https://hipermarfish.com/public/images/productos/OJGW111020221017_400.jpg
https://hipermarfish.com/market/productos/camarones-y-langostinos,Camarón Tigre Fresco Crudo X Kilogramo ,$ 55.000                          ,CAMARONES Y LANGOSTINOS,https://hipermarfish.com/public/images/productos/AIUD111520220302_400.jpg
https://hipermarfish.com/market/productos/camarones-y-langostinos,Camarón Tigre Congelado Crudo X Kilogramo ,$ 50.500                          ,CAMARONES Y LANGOSTINOS,https://hipermarfish.com/public/images/productos/KSBZ111520220912_400.jpg
https://hipermarfish.com/market/productos/camarones-y-langostinos,Coctel de Camarones x 1 Und X Unidad ,$ 22.100                          ,CAMARONES Y LANGOSTINOS,https://hipermarfish.com/public/images/productos/DIEG031720220824_400.jpg
https://hipermarfish.com/market/productos/camarones-y-langostinos,Camarón Tigre Crudo 250 g X Paquete x 250 g ,$ 13.500                          ,CAMARONES Y LANGOSTINOS,https://hipermarfish.com/public/images/productos/RSFS111220220330_400.jpg
https://hipermarfish.com/market/productos/camarones-y-langostinos,Camarón Tigre Crudo 500 g X Paquete x 500 g ,$ 26.000                          ,CAMARONES Y LANGOSTINOS,https://hipermarfish.com/public/images/productos/EZWP050620200945_400.jpg
https://hipermarfish.com/market/productos/camarones-y-langostinos,Camarón Tigre Crudo 1 Kg X Paquete x 1 kg ,$ 50.500                          ,CAMARONES Y LANGOSTINOS,https://hipermarfish.com/public/images/productos/JHTG050620200945_400.jpg
https://hipermarfish.com/market/productos/camarones-y-langostinos,Camarón 41/50 Cocido 250 g X Kilogramo x 250 g ,$ 13.500                          ,CAMARONES Y LANGOSTINOS,https://hipermarfish.com/public/images/productos/TCKQ111420220324_400.jpg
https://hipermarfish.com/market/productos/camarones-y-langostinos,Camarón Tigre 41/50 500 g X Paquete x 500 g ,$ 26.200                          ,CAMARONES Y LANGOSTINOS,https://hipermarfish.com/public/images/productos/BZGB060520210405_400.jpg
https://hipermarfish.com/market/productos/camarones-y-langostinos,Camarón 26/30 Cocido 250 g X Paquete x 250 g ,$ 16.000                          ,CAMARONES Y LANGOSTINOS,https://hipermarfish.com/public/images/productos/MMDD111220220337_400.jpg
https://hipermarfish.com/market/productos/camarones-y-langostinos,Camarón 26/30 cocido 500 g X Paquete x 500 g ,$ 31.500                          ,CAMARONES Y LANGOSTINOS,https://hipermarfish.com/public/images/productos/GATB052920200722_400.jpg
https://hipermarfish.com/market/productos/camarones-y-langostinos,Camarón 26/30 Cocido 1 Kg X Paquete x 1 kg ,$ 60.900                          ,CAMARONES Y LANGOSTINOS,https://hipermarfish.com/public/images/productos/TUXN020820200900_400.jpg
https://hipermarfish.com/market/productos/camarones-y-langostinos,Camarón 91/110 Cocido 250 g X Paquete x 250 g ,$ 12.500                          ,CAMARONES Y LANGOSTINOS,https://hipermarfish.com/public/images/productos/MTTT111220220341_400.jpg
https://hipermarfish.com/market/productos/camarones-y-langostinos,Camarón 91/110 Cocido 500 g X Paquete x 500 g ,$ 22.100                          ,CAMARONES Y LANGOSTINOS,https://hipermarfish.com/public/images/productos/BJAB082120200501_400.jpg
https://hipermarfish.com/market/productos/camarones-y-langostinos,Camarón 91/110 Cocido 1 Kg X Paquete x 1 kg ,$ 43.000                          ,CAMARONES Y LANGOSTINOS,https://hipermarfish.com/public/images/productos/TSAZ082120200500_400.jpg
https://hipermarfish.com/market/productos/camarones-y-langostinos,Camarón 100/200 con Vena 1 Kg X Paquete x 1 kg ,$ 39.900                          ,CAMARONES Y LANGOSTINOS,https://hipermarfish.com/public/images/productos/UGUT043020220456_400.jpg
https://hipermarfish.com/market/productos/camarones-y-langostinos,Camarón Jumbo Fresco X Kilogramo ,$ 68.000                          ,CAMARONES Y LANGOSTINOS,https://hipermarfish.com/public/images/productos/UKNW082720190222_400.jpg
https://hipermarfish.com/market/productos/camarones-y-langostinos,Camarón Entero X Kilogramo ,$ 30.000                          ,CAMARONES Y LANGOSTINOS,https://hipermarfish.com/public/images/productos/IWVT111520220326_400.jpg
https://hipermarfish.com/market/productos/camarones-y-langostinos,Camarones y Salsa Coctel Ring 454 g X Unidad x 454 g ,$ 29.400                          ,CAMARONES Y LANGOSTINOS,https://hipermarfish.com/public/images/productos/LGMI082720190609_400.jpg
https://hipermarfish.com/market/productos/camarones-y-langostinos,Pincho de Camarón x 2 Und X Paquete x 2 u ,$ 11.000                          ,CAMARONES Y LANGOSTINOS,https://hipermarfish.com/public/images/productos/PHSC020820200907_400.jpg
https://hipermarfish.com/market/productos/camarones-y-langostinos,Langostino en Cascara Fresco X Kilogramo ,$ 80.000                          ,CAMARONES Y LANGOSTINOS,https://hipermarfish.com/public/images/productos/BZWG111620220427_400.jpg
https://hipermarfish.com/market/productos/camarones-y-langostinos,Langostino U12 454 g X Unidad x 454 g ,$ 38.000                          ,CAMARONES Y LANGOSTINOS,https://hipermarfish.com/public/images/productos/VPGR071620200459_400.jpg
https://hipermarfish.com/market/productos/camarones-y-langostinos,Langostino U15 454 g X Unidad x 454 g ,$ 36.000                          ,CAMARONES Y LANGOSTINOS,https://hipermarfish.com/public/images/productos/IHLP061320200837_400.jpg
https://hipermarfish.com/market/productos/camarones-y-langostinos,Langostino 16/20 con Cáscara 454 g X Unidad x 454 g ,$ 32.000                          ,CAMARONES Y LANGOSTINOS,https://hipermarfish.com/public/images/productos/KIOM071620200500_400.jpg
https://hipermarfish.com/market/productos/camarones-y-langostinos,Langostino 16/20 Pelado y Desvenado 1 Kg X Paquete x 1 kg ,$ 71.400                          ,CAMARONES Y LANGOSTINOS,https://hipermarfish.com/public/images/productos/IDTV020820200903_400.jpg
https://hipermarfish.com/market/productos/camarones-y-langostinos,Langostino 16/20 Pelado y Desvenado 500 g X Paquete x 500 g ,$ 37.800                          ,CAMARONES Y LANGOSTINOS,https://hipermarfish.com/public/images/productos/ZKSI020820200905_400.jpg
https://hipermarfish.com/market/productos/camarones-y-langostinos,Langostino 26/30 Pelado y Desvenado 1 Kg X Paquete x 1 kg ,$ 56.700                          ,CAMARONES Y LANGOSTINOS,https://hipermarfish.com/public/images/productos/QCQM101520200321_400.jpg
https://hipermarfish.com/market/productos/camarones-y-langostinos,Langostino 26/30 Pelado y Desvenado 500 g X Paquete x 500 g ,$ 29.400                          ,CAMARONES Y LANGOSTINOS,https://hipermarfish.com/public/images/productos/DCLN083120191216_400.jpg
https://hipermarfish.com/market/productos/camarones-y-langostinos,Gambas X Kilogramo ,$ 78.000                          ,CAMARONES Y LANGOSTINOS,https://hipermarfish.com/public/images/productos/KKJY083120191215_400.jpg
https://hipermarfish.com/market/productos/calamares-y-pulpos,Calamar Morado 454 g X Paquete x 454 g ,$ 19.000                          ,CALAMARES Y PULPOS,https://hipermarfish.com/public/images/productos/BKOQ042820220509_400.jpg
https://hipermarfish.com/market/productos/calamares-y-pulpos,Tentáculos Madako Poke 2.20 lb X Paquete x 2.20 lb ,$ 150.000                          ,CALAMARES Y PULPOS,https://hipermarfish.com/public/images/productos/FZDU021920220408_400.jpg
https://hipermarfish.com/market/productos/calamares-y-pulpos,Tentáculo Madako 1 Kg X Paquete x 1 kg ,$ 150.000                          ,CALAMARES Y PULPOS,https://hipermarfish.com/public/images/productos/TEPX102320200614_400.jpg
https://hipermarfish.com/market/productos/calamares-y-pulpos,Anillos de Calamar Granel X Kilogramo ,$ 40.000                          ,CALAMARES Y PULPOS,https://hipermarfish.com/public/images/productos/OGDA111620220515_400.jpg
https://hipermarfish.com/market/productos/calamares-y-pulpos,Anillos de Calamar 1 Kg X Paquete x 1 kg ,$ 40.000                          ,CALAMARES Y PULPOS,https://hipermarfish.com/public/images/productos/YTPW111620220457_400.jpg
https://hipermarfish.com/market/productos/calamares-y-pulpos,Anillos de Calamar 500 g X Paquete x 500 g ,$ 20.000                          ,CALAMARES Y PULPOS,https://hipermarfish.com/public/images/productos/QUXS121320220547_400.jpg
https://hipermarfish.com/market/productos/calamares-y-pulpos,Calamar  Blanco en Trozos 500 g X Paquete x 500 g ,$ 7.900                          ,CALAMARES Y PULPOS,https://hipermarfish.com/public/images/productos/WGRI020820200942_400.jpg
https://hipermarfish.com/market/productos/calamares-y-pulpos,Calamar Tubo Limpio Hipermar 1 Kg X Unidad x 1 kg ,$ 57.000                          ,CALAMARES Y PULPOS,https://hipermarfish.com/public/images/productos/YPTI082720190219_400.jpg
https://hipermarfish.com/market/productos/calamares-y-pulpos,"Calamar Tubo y Tentáculos 1135 g X Unidad x 1,135 g ",$ 59.000                          ,CALAMARES Y PULPOS,https://hipermarfish.com/public/images/productos/LVUT021020220409_400.jpg
https://hipermarfish.com/market/productos/calamares-y-pulpos,Calamar Sepia 700 g X Paquete x 700 g ,$ 55.000                          ,CALAMARES Y PULPOS,https://hipermarfish.com/public/images/productos/VLZC052720220940_400.jpg
https://hipermarfish.com/market/productos/calamares-y-pulpos,Tentáculos de Calamar 500 g X Paquete x 500 g ,$ 10.900                          ,CALAMARES Y PULPOS,https://hipermarfish.com/public/images/productos/UYOR020820200940_400.jpg
https://hipermarfish.com/market/productos/calamares-y-pulpos,Pulpo Español 2/4 X Kilogramo ,$ 87.000                          ,CALAMARES Y PULPOS,https://hipermarfish.com/public/images/productos/AFEH102320200911_400.jpg
https://hipermarfish.com/market/productos/calamares-y-pulpos,Pulpo Mexicano X Kilogramo ,$ 87.000                          ,CALAMARES Y PULPOS,https://hipermarfish.com/public/images/productos/VYWK051120200530_400.jpg
https://hipermarfish.com/market/productos/calamares-y-pulpos,Pulpo Baby 908 g X Paquete x 908 g ,$ 52.000                          ,CALAMARES Y PULPOS,https://hipermarfish.com/public/images/productos/B5A3085_400.jpg
https://hipermarfish.com/market/productos/calamares-y-pulpos,Pulpo Baby 1 Kg X Paquete x 1 kg ,$ 52.000                          ,CALAMARES Y PULPOS,https://hipermarfish.com/public/images/productos/BJKV041420210446_400.jpg
https://hipermarfish.com/market/productos/calamares-y-pulpos,Pulpo Baby a Granel X Kilogramo ,$ 52.000                          ,CALAMARES Y PULPOS,https://hipermarfish.com/public/images/productos/B5A3085_400.jpg
https://hipermarfish.com/market/productos/calamares-y-pulpos,Carpaccio de Pulpo 160 g X Paquete x 160 g ,$ 19.400                          ,CALAMARES Y PULPOS,https://hipermarfish.com/public/images/productos/DEWY102320201001_400.jpg
https://hipermarfish.com/market/productos/langostas-y-muelas,Langosta Bogavante X Kilogramo ,$ 173.000                          ,LANGOSTAS Y MUELAS,https://hipermarfish.com/public/images/productos/JMPD083120191208_400.jpg
https://hipermarfish.com/market/productos/langostas-y-muelas,Carne de Jaiba 500 g X Unidad x 500 g ,$ 25.000                          ,LANGOSTAS Y MUELAS,https://hipermarfish.com/public/images/productos/NXSF102920220605_400.jpg
https://hipermarfish.com/market/productos/langostas-y-muelas,Carne de Langosta 454 g X Unidad x 454 g ,$ 51.000                          ,LANGOSTAS Y MUELAS,https://hipermarfish.com/public/images/productos/NRYV102320201016_400.jpg
https://hipermarfish.com/market/productos/langostas-y-muelas,Cola de Langosta X Kilogramo ,$ 250.000                          ,LANGOSTAS Y MUELAS,https://hipermarfish.com/public/images/productos/KFLS083120191211_400.jpg
https://hipermarfish.com/market/productos/langostas-y-muelas,Muelas Snow Crab X Kilogramo ,$ 220.000                          ,LANGOSTAS Y MUELAS,https://hipermarfish.com/public/images/productos/EQAG102820220426_400.jpg
https://hipermarfish.com/market/productos/langostas-y-muelas,Muelas de Cangrejo Stone Crab 454 g X Paquete x 454 g ,$ 26.000                          ,LANGOSTAS Y MUELAS,https://hipermarfish.com/public/images/productos/WBFL101520200318_400.jpg
https://hipermarfish.com/market/productos/langostas-y-muelas,Muelas de Cangrejo Alaska King X Kilogramo ,$ 325.000                          ,LANGOSTAS Y MUELAS,https://hipermarfish.com/public/images/productos/DIUV020820200949_400.jpg
https://hipermarfish.com/market/productos/langostas-y-muelas,Muelas Apanadas 2.2 lb X Unidad x 2.20 lb ,$ 29.300                          ,LANGOSTAS Y MUELAS,https://hipermarfish.com/public/images/productos/ODRZ110420210350_400.jpg
https://hipermarfish.com/market/productos/langostas-y-muelas,Carne de Cangrejo Limpia 454 g X Unidad x 454 g ,$ 47.000                          ,LANGOSTAS Y MUELAS,https://hipermarfish.com/public/images/productos/TXNE111120220128_400.jpg
https://hipermarfish.com/market/productos/langostas-y-muelas,Cigalas en Bandeja de 454 g X Unidad x 454 g ,$ 17.500                          ,LANGOSTAS Y MUELAS,https://hipermarfish.com/public/images/productos/XFCZ100820210153_400.jpg
https://hipermarfish.com/market/productos/otros-mariscos,Mixtura de Mariscos 1 Kg X Paquete x 1 kg ,$ 27.300                          ,OTROS MARISCOS,https://hipermarfish.com/public/images/productos/KPTA083120190224_400.jpg
https://hipermarfish.com/market/productos/otros-mariscos,Mixtura de Mariscos 454 g X Paquete x 454 g ,$ 13.000                          ,OTROS MARISCOS,https://hipermarfish.com/public/images/productos/AZRH042220220150_400.jpg
https://hipermarfish.com/market/productos/otros-mariscos,Abalone x Unidad X Unidad ,$ 10.000                          ,OTROS MARISCOS,https://hipermarfish.com/public/images/productos/TGPU031720220829_400.jpg
https://hipermarfish.com/market/productos/otros-mariscos,Scallops 10/20 400 g X Paquete x 400 g ,$ 83.000                          ,OTROS MARISCOS,https://hipermarfish.com/public/images/productos/ZXRH042120200128_400.jpg
https://hipermarfish.com/market/productos/otros-mariscos,Scallops 80/100 x 400 g X Paquete x 400 g ,$ 38.000                          ,OTROS MARISCOS,https://hipermarfish.com/public/images/productos/B5A3052_400.jpg
https://hipermarfish.com/market/productos/palmitos,Palmito Kanik Kujira X Unidad ,$ 19.900                          ,PALMITOS,https://hipermarfish.com/public/images/productos/JXZO081120221013_400.jpg
https://hipermarfish.com/market/productos/palmitos,Palmitos de Cangrejo 1 Kg X Paquete x 1 kg ,$ 16.800                          ,PALMITOS,https://hipermarfish.com/public/images/productos/SPNR031720220832_400.jpg
https://hipermarfish.com/market/productos/palmitos,Palmitos de Cangrejo  454 g X Paquete x 454 g ,$ 8.700                          ,PALMITOS,https://hipermarfish.com/public/images/productos/KERA082920220444_400.jpg
https://hipermarfish.com/market/productos/palmitos,Palmito Kanikama FantaSea 500 g X Unidad x 500 g ,$ 24.500                          ,PALMITOS,https://hipermarfish.com/public/images/productos/OGCM122820190317_400.jpg
https://hipermarfish.com/market/productos/palmitos,Palmitos Estilo Pata de Cangrejo 500 g X Paquete x 500 g ,$ 29.000                          ,PALMITOS,https://hipermarfish.com/public/images/productos/KSRH080220210726_400.jpg
https://hipermarfish.com/market/productos/palmitos,Palmito Desmechado 1 Kg X Unidad x 1 kg ,$ 41.500                          ,PALMITOS,https://hipermarfish.com/public/images/productos/AJOX020820200955_400.jpg
https://hipermarfish.com/market/productos/palmitos,Palmito Rebanado 270 g X Unidad x 270 g ,$ 5.000                          ,PALMITOS,https://hipermarfish.com/public/images/productos/XGIJ090320221004_400.jpg
